"","DateTime","CU.BCIP..BHZ.M"
"1",2010-01-12 21:00:00,1460.3925
"2",2010-01-12 21:00:10,1329.46
"3",2010-01-12 21:00:20,1830.4225
"4",2010-01-12 21:00:30,1442.36
"5",2010-01-12 21:00:40,1419.2075
"6",2010-01-12 21:00:50,1701.995
"7",2010-01-12 21:01:00,1366.1825
"8",2010-01-12 21:01:10,1762.1475
"9",2010-01-12 21:01:20,1264.41
"10",2010-01-12 21:01:30,2005.98
"11",2010-01-12 21:01:40,1529.33
"12",2010-01-12 21:01:50,1506.7775
"13",2010-01-12 21:02:00,1380.4425
"14",2010-01-12 21:02:10,1625.2575
"15",2010-01-12 21:02:20,1716.72
"16",2010-01-12 21:02:30,1417.895
"17",2010-01-12 21:02:40,1383.4475
"18",2010-01-12 21:02:50,1518.975
"19",2010-01-12 21:03:00,1725.73
"20",2010-01-12 21:03:10,1233.3425
"21",2010-01-12 21:03:20,1860.12
"22",2010-01-12 21:03:30,1478.57
"23",2010-01-12 21:03:40,1445.5725
"24",2010-01-12 21:03:50,1764.91
"25",2010-01-12 21:04:00,1433.6625
"26",2010-01-12 21:04:10,1526.2925
"27",2010-01-12 21:04:20,1689.2675
"28",2010-01-12 21:04:30,1602.59
"29",2010-01-12 21:04:40,1166.7775
"30",2010-01-12 21:04:50,1861.4
"31",2010-01-12 21:05:00,1764.4725
"32",2010-01-12 21:05:10,1414.295
"33",2010-01-12 21:05:20,1586.425
"34",2010-01-12 21:05:30,1314.945
"35",2010-01-12 21:05:40,1635.9375
"36",2010-01-12 21:05:50,1603.0225
"37",2010-01-12 21:06:00,1491.83
"38",2010-01-12 21:06:10,1534.44
"39",2010-01-12 21:06:20,1614.945
"40",2010-01-12 21:06:30,1599.8925
"41",2010-01-12 21:06:40,1484.685
"42",2010-01-12 21:06:50,1740.9125
"43",2010-01-12 21:07:00,1308.675
"44",2010-01-12 21:07:10,1606.1825
"45",2010-01-12 21:07:20,1430.0625
"46",2010-01-12 21:07:30,1601.4725
"47",2010-01-12 21:07:40,1471.7375
"48",2010-01-12 21:07:50,1312.74
"49",2010-01-12 21:08:00,1793.2125
"50",2010-01-12 21:08:10,1590.055
"51",2010-01-12 21:08:20,1436.885
"52",2010-01-12 21:08:30,1730.7375
"53",2010-01-12 21:08:40,1527.725
"54",2010-01-12 21:08:50,1289.945
"55",2010-01-12 21:09:00,1806.625
"56",2010-01-12 21:09:10,1511.7525
"57",2010-01-12 21:09:20,1360.24
"58",2010-01-12 21:09:30,1870.4925
"59",2010-01-12 21:09:40,1128.9675
"60",2010-01-12 21:09:50,1769.9825
"61",2010-01-12 21:10:00,1584.055
"62",2010-01-12 21:10:10,1450.8275
"63",2010-01-12 21:10:20,1755.265
"64",2010-01-12 21:10:30,1428.0075
"65",2010-01-12 21:10:40,1589.285
"66",2010-01-12 21:10:50,1465.225
"67",2010-01-12 21:11:00,1631.555
"68",2010-01-12 21:11:10,1445.4425
"69",2010-01-12 21:11:20,1710.9875
"70",2010-01-12 21:11:30,1491.4825
"71",2010-01-12 21:11:40,1500.76
"72",2010-01-12 21:11:50,1632.09
"73",2010-01-12 21:12:00,1393.435
"74",2010-01-12 21:12:10,1678.375
"75",2010-01-12 21:12:20,1290.5925
"76",2010-01-12 21:12:30,1700.89
"77",2010-01-12 21:12:40,1381.4625
"78",2010-01-12 21:12:50,1662.39
"79",2010-01-12 21:13:00,1435.8575
"80",2010-01-12 21:13:10,1468.7225
"81",2010-01-12 21:13:20,1447.51
"82",2010-01-12 21:13:30,1644.695
"83",2010-01-12 21:13:40,1706.7725
"84",2010-01-12 21:13:50,1492.9425
"85",2010-01-12 21:14:00,1613.02
"86",2010-01-12 21:14:10,1498.905
"87",2010-01-12 21:14:20,1383.9225
"88",2010-01-12 21:14:30,1777.0775
"89",2010-01-12 21:14:40,1502.64
"90",2010-01-12 21:14:50,1781.3525
"91",2010-01-12 21:15:00,1494.7425
"92",2010-01-12 21:15:10,1407.5125
"93",2010-01-12 21:15:20,1425.1475
"94",2010-01-12 21:15:30,1692.5725
"95",2010-01-12 21:15:40,1377.8225
"96",2010-01-12 21:15:50,1525.635
"97",2010-01-12 21:16:00,1402.3575
"98",2010-01-12 21:16:10,1653.8025
"99",2010-01-12 21:16:20,1569.98
"100",2010-01-12 21:16:30,1530.425
"101",2010-01-12 21:16:40,1568.86
"102",2010-01-12 21:16:50,1403.4625
"103",2010-01-12 21:17:00,1655.5025
"104",2010-01-12 21:17:10,1432.06
"105",2010-01-12 21:17:20,1634.6025
"106",2010-01-12 21:17:30,1363.36
"107",2010-01-12 21:17:40,1529.655
"108",2010-01-12 21:17:50,1558.02
"109",2010-01-12 21:18:00,1744.4925
"110",2010-01-12 21:18:10,1317.5975
"111",2010-01-12 21:18:20,1779.5575
"112",2010-01-12 21:18:30,1447.3275
"113",2010-01-12 21:18:40,1405.92
"114",2010-01-12 21:18:50,1804.22
"115",2010-01-12 21:19:00,1324.4475
"116",2010-01-12 21:19:10,1687.6475
"117",2010-01-12 21:19:20,1520.1225
"118",2010-01-12 21:19:30,1548.6275
"119",2010-01-12 21:19:40,1433.035
"120",2010-01-12 21:19:50,1535.18
"121",2010-01-12 21:20:00,1521.5275
"122",2010-01-12 21:20:10,1566.405
"123",2010-01-12 21:20:20,1734.96
"124",2010-01-12 21:20:30,1312.3775
"125",2010-01-12 21:20:40,1478.91
"126",2010-01-12 21:20:50,1704.1075
"127",2010-01-12 21:21:00,1485.5825
"128",2010-01-12 21:21:10,1398.475
"129",2010-01-12 21:21:20,1729.1575
"130",2010-01-12 21:21:30,1337.615
"131",2010-01-12 21:21:40,1599.0275
"132",2010-01-12 21:21:50,1594.81
"133",2010-01-12 21:22:00,1556.5
"134",2010-01-12 21:22:10,1348.485
"135",2010-01-12 21:22:20,1487.90773067332
"136",2010-01-12 21:22:30,1494.6875
"137",2010-01-12 21:22:40,1791.44
"138",2010-01-12 21:22:50,1237.7175
"139",2010-01-12 21:23:00,1625.38
"140",2010-01-12 21:23:10,1595.73
"141",2010-01-12 21:23:20,1404.725
"142",2010-01-12 21:23:30,1433.585
"143",2010-01-12 21:23:40,1651.2025
"144",2010-01-12 21:23:50,1347.7475
"145",2010-01-12 21:24:00,1757.44
"146",2010-01-12 21:24:10,1456.6975
"147",2010-01-12 21:24:20,1533.1175
"148",2010-01-12 21:24:30,1375.47
"149",2010-01-12 21:24:40,1616.3975
"150",2010-01-12 21:24:50,1273.39
"151",2010-01-12 21:25:00,1902.7275
"152",2010-01-12 21:25:10,1318.7975
"153",2010-01-12 21:25:20,1526.805
"154",2010-01-12 21:25:30,1547.095
"155",2010-01-12 21:25:40,1802.1225
"156",2010-01-12 21:25:50,1370.8175
"157",2010-01-12 21:26:00,1415.6275
"158",2010-01-12 21:26:10,1919.5025
"159",2010-01-12 21:26:20,1333.37
"160",2010-01-12 21:26:30,1480.8425
"161",2010-01-12 21:26:40,1296.3925
"162",2010-01-12 21:26:50,1730.4675
"163",2010-01-12 21:27:00,1425.52
"164",2010-01-12 21:27:10,1576.6575
"165",2010-01-12 21:27:20,1588.475
"166",2010-01-12 21:27:30,1148.665
"167",2010-01-12 21:27:40,1752.74
"168",2010-01-12 21:27:50,1448.6775
"169",2010-01-12 21:28:00,1521.5225
"170",2010-01-12 21:28:10,1433.925
"171",2010-01-12 21:28:20,1596.945
"172",2010-01-12 21:28:30,1587.1125
"173",2010-01-12 21:28:40,1890.9425
"174",2010-01-12 21:28:50,1293.82
"175",2010-01-12 21:29:00,1440.67
"176",2010-01-12 21:29:10,1549.91
"177",2010-01-12 21:29:20,1427.185
"178",2010-01-12 21:29:30,1356.915
"179",2010-01-12 21:29:40,1771.43
"180",2010-01-12 21:29:50,1184.03
"181",2010-01-12 21:30:00,1547.1225
"182",2010-01-12 21:30:10,1706.6475
"183",2010-01-12 21:30:20,1490.95
"184",2010-01-12 21:30:30,1875.2975
"185",2010-01-12 21:30:40,1523.8475
"186",2010-01-12 21:30:50,1504.4175
"187",2010-01-12 21:31:00,1319.1525
"188",2010-01-12 21:31:10,1696.4
"189",2010-01-12 21:31:20,1348.285
"190",2010-01-12 21:31:30,1544.0925
"191",2010-01-12 21:31:40,1586.0475
"192",2010-01-12 21:31:50,1180.5125
"193",2010-01-12 21:32:00,1870.0975
"194",2010-01-12 21:32:10,1477.3525
"195",2010-01-12 21:32:20,1476.4075
"196",2010-01-12 21:32:30,1602.2675
"197",2010-01-12 21:32:40,1466.265
"198",2010-01-12 21:32:50,1538.17
"199",2010-01-12 21:33:00,1397.045
"200",2010-01-12 21:33:10,1577.8125
"201",2010-01-12 21:33:20,1503.965
"202",2010-01-12 21:33:30,1527.73
"203",2010-01-12 21:33:40,1466.1475
"204",2010-01-12 21:33:50,1438.6175
"205",2010-01-12 21:34:00,1663.9075
"206",2010-01-12 21:34:10,1522.21
"207",2010-01-12 21:34:20,1516.9075
"208",2010-01-12 21:34:30,1465.8525
"209",2010-01-12 21:34:40,1697.625
"210",2010-01-12 21:34:50,1155.16
"211",2010-01-12 21:35:00,1816.275
"212",2010-01-12 21:35:10,1341.055
"213",2010-01-12 21:35:20,1627.3575
"214",2010-01-12 21:35:30,1533.3775
"215",2010-01-12 21:35:40,1435.8025
"216",2010-01-12 21:35:50,1694.8025
"217",2010-01-12 21:36:00,1153.09
"218",2010-01-12 21:36:10,1920.455
"219",2010-01-12 21:36:20,1403.2775
"220",2010-01-12 21:36:30,1657.385
"221",2010-01-12 21:36:40,1415.105
"222",2010-01-12 21:36:50,1337.745
"223",2010-01-12 21:37:00,1439.1775
"224",2010-01-12 21:37:10,1625.17
"225",2010-01-12 21:37:20,1559.5875
"226",2010-01-12 21:37:30,1363.6025
"227",2010-01-12 21:37:40,1748.0775
"228",2010-01-12 21:37:50,1453.0675
"229",2010-01-12 21:38:00,1284.2475
"230",2010-01-12 21:38:10,1684.9525
"231",2010-01-12 21:38:20,1321.3625
"232",2010-01-12 21:38:30,1622.04
"233",2010-01-12 21:38:40,1345.455
"234",2010-01-12 21:38:50,1637.61
"235",2010-01-12 21:39:00,1549.73
"236",2010-01-12 21:39:10,1279.58
"237",2010-01-12 21:39:20,1940.4075
"238",2010-01-12 21:39:30,1340.4375
"239",2010-01-12 21:39:40,1346.06
"240",2010-01-12 21:39:50,1451.07
"241",2010-01-12 21:40:00,1640.645
"242",2010-01-12 21:40:10,1518.375
"243",2010-01-12 21:40:20,1682.61
"244",2010-01-12 21:40:30,1341.015
"245",2010-01-12 21:40:40,1552.4075
"246",2010-01-12 21:40:50,1587.8225
"247",2010-01-12 21:41:00,1376.555
"248",2010-01-12 21:41:10,1752.09
"249",2010-01-12 21:41:20,1384.56
"250",2010-01-12 21:41:30,1351.3275
"251",2010-01-12 21:41:40,1746.6775
"252",2010-01-12 21:41:50,1248.31
"253",2010-01-12 21:42:00,1521.1275
"254",2010-01-12 21:42:10,1584.09
"255",2010-01-12 21:42:20,1535.07
"256",2010-01-12 21:42:30,1620.005
"257",2010-01-12 21:42:40,1303.66
"258",2010-01-12 21:42:50,1448.475
"259",2010-01-12 21:43:00,1737.94
"260",2010-01-12 21:43:10,1125.52
"261",2010-01-12 21:43:20,1706.48
"262",2010-01-12 21:43:30,1392.3625
"263",2010-01-12 21:43:40,1555.075
"264",2010-01-12 21:43:50,1666.9025
"265",2010-01-12 21:44:00,1466.9725
"266",2010-01-12 21:44:10,1423.37
"267",2010-01-12 21:44:20,1479.805
"268",2010-01-12 21:44:30,1655.455
"269",2010-01-12 21:44:40,1403.1
"270",2010-01-12 21:44:50,1516.0575
"271",2010-01-12 21:45:00,1341.3325
"272",2010-01-12 21:45:10,1565.2775
"273",2010-01-12 21:45:20,1569.8325
"274",2010-01-12 21:45:30,1512.4875
"275",2010-01-12 21:45:40,1495.41
"276",2010-01-12 21:45:50,1482.44
"277",2010-01-12 21:46:00,1691.9375
"278",2010-01-12 21:46:10,1258.5925
"279",2010-01-12 21:46:20,1670.015
"280",2010-01-12 21:46:30,1380.12
"281",2010-01-12 21:46:40,1607.53
"282",2010-01-12 21:46:50,1475.3525
"283",2010-01-12 21:47:00,1439.9125
"284",2010-01-12 21:47:10,1496.1525
"285",2010-01-12 21:47:20,1695.91
"286",2010-01-12 21:47:30,1518.7675
"287",2010-01-12 21:47:40,1412.6775
"288",2010-01-12 21:47:50,1185.485
"289",2010-01-12 21:48:00,1837.36
"290",2010-01-12 21:48:10,1302.2725
"291",2010-01-12 21:48:20,1629.88
"292",2010-01-12 21:48:30,1326.75
"293",2010-01-12 21:48:40,1480.49
"294",2010-01-12 21:48:50,1642.96
"295",2010-01-12 21:49:00,1404.55
"296",2010-01-12 21:49:10,1591.3925
"297",2010-01-12 21:49:20,1322.58
"298",2010-01-12 21:49:30,1651.125
"299",2010-01-12 21:49:40,1338.9875
"300",2010-01-12 21:49:50,1502.4775
"301",2010-01-12 21:50:00,1634.5375
"302",2010-01-12 21:50:10,1378.2675
"303",2010-01-12 21:50:20,1634.31
"304",2010-01-12 21:50:30,1391.3075
"305",2010-01-12 21:50:40,1523.1475
"306",2010-01-12 21:50:50,1466.3275
"307",2010-01-12 21:51:00,1663.66
"308",2010-01-12 21:51:10,1594.615
"309",2010-01-12 21:51:20,1346.0575
"310",2010-01-12 21:51:30,1630.725
"311",2010-01-12 21:51:40,1579.7275
"312",2010-01-12 21:51:50,1358.9675
"313",2010-01-12 21:52:00,1333.3075
"314",2010-01-12 21:52:10,1460.7575
"315",2010-01-12 21:52:20,1703.375
"316",2010-01-12 21:52:30,1363.1625
"317",2010-01-12 21:52:40,1284.555
"318",2010-01-12 21:52:50,1592.9125
"319",2010-01-12 21:53:00,1423.55
"320",2010-01-12 21:53:10,1592.74
"321",2010-01-12 21:53:20,1572.2025
"322",2010-01-12 21:53:30,1560.82
"323",2010-01-12 21:53:40,1263.585
"324",2010-01-12 21:53:50,1631.9825
"325",2010-01-12 21:54:00,1203.615
"326",2010-01-12 21:54:10,1295.32
"327",2010-01-12 21:54:20,1839.5125
"328",2010-01-12 21:54:30,1595.8775
"329",2010-01-12 21:54:40,1414.1575
"330",2010-01-12 21:54:50,1628.555
"331",2010-01-12 21:55:00,1280.9125
"332",2010-01-12 21:55:10,1411.76
"333",2010-01-12 21:55:20,1754.82
"334",2010-01-12 21:55:30,1501.2725
"335",2010-01-12 21:55:40,1270.7275
"336",2010-01-12 21:55:50,-34854.0175
"337",2010-01-12 21:56:00,-16322.13
"338",2010-01-12 21:56:10,165960.0075
"339",2010-01-12 21:56:20,-95715.2375
"340",2010-01-12 21:56:30,-78923.8125
"341",2010-01-12 21:56:40,107098.9875
"342",2010-01-12 21:56:50,-18623.195
"343",2010-01-12 21:57:00,-67109.6
"344",2010-01-12 21:57:10,83357.8075
"345",2010-01-12 21:57:20,-53735.3675
"346",2010-01-12 21:57:30,62024.75
"347",2010-01-12 21:57:40,-87058.395
"348",2010-01-12 21:57:50,115246.635
"349",2010-01-12 21:58:00,-125735.7875
"350",2010-01-12 21:58:10,107199.765
"351",2010-01-12 21:58:20,53881.6675
"352",2010-01-12 21:58:30,42236.54
"353",2010-01-12 21:58:40,-486937.1875
"354",2010-01-12 21:58:50,8803.17
"355",2010-01-12 21:59:00,698246.94
"356",2010-01-12 21:59:10,-305279.8825
"357",2010-01-12 21:59:20,58739.59
"358",2010-01-12 21:59:30,9555.88
"359",2010-01-12 21:59:40,-188625.945
"360",2010-01-12 21:59:50,171248.815
"361",2010-01-12 22:00:00,-180363.315
"362",2010-01-12 22:00:10,41032.62
"363",2010-01-12 22:00:20,201453.79
"364",2010-01-12 22:00:30,-384191.0325
"365",2010-01-12 22:00:40,384315.465
"366",2010-01-12 22:00:50,-162736.8675
"367",2010-01-12 22:01:00,-92419.23
"368",2010-01-12 22:01:10,199183.4725
"369",2010-01-12 22:01:20,-106328.385
"370",2010-01-12 22:01:30,-17270.39
"371",2010-01-12 22:01:40,169956.265
"372",2010-01-12 22:01:50,-223553.6125
"373",2010-01-12 22:02:00,174751.645
"374",2010-01-12 22:02:10,-21423.3675
"375",2010-01-12 22:02:20,-180616.7725
"376",2010-01-12 22:02:30,149387.19
"377",2010-01-12 22:02:40,37546.3175
"378",2010-01-12 22:02:50,-74181.365
"379",2010-01-12 22:03:00,-23159.865
"380",2010-01-12 22:03:10,95163.685
"381",2010-01-12 22:03:20,-16565.18
"382",2010-01-12 22:03:30,-140611.9425
"383",2010-01-12 22:03:40,27108.86
"384",2010-01-12 22:03:50,-28721.6925
"385",2010-01-12 22:04:00,301010.2875
"386",2010-01-12 22:04:10,-298872.285
"387",2010-01-12 22:04:20,50457.815
"388",2010-01-12 22:04:30,99148.93
"389",2010-01-12 22:04:40,104566.5925
"390",2010-01-12 22:04:50,-169530.155
"391",2010-01-12 22:05:00,33708.0675
"392",2010-01-12 22:05:10,-8659.255
"393",2010-01-12 22:05:20,-79982.4025
"394",2010-01-12 22:05:30,40531.01
"395",2010-01-12 22:05:40,84900.12
"396",2010-01-12 22:05:50,-78535.175
"397",2010-01-12 22:06:00,120207.1075
"398",2010-01-12 22:06:10,-186633.9575
"399",2010-01-12 22:06:20,107588.145
"400",2010-01-12 22:06:30,3528.5225
"401",2010-01-12 22:06:40,-19996.655
"402",2010-01-12 22:06:50,36476.31
"403",2010-01-12 22:07:00,103635.985
"404",2010-01-12 22:07:10,-29020.4975
"405",2010-01-12 22:07:20,-139990.0575
"406",2010-01-12 22:07:30,95766.505
"407",2010-01-12 22:07:40,-95764.78
"408",2010-01-12 22:07:50,45226.5375
"409",2010-01-12 22:08:00,-14291.9925
"410",2010-01-12 22:08:10,87163.585
"411",2010-01-12 22:08:20,-62415.6875
"412",2010-01-12 22:08:30,87930.015
"413",2010-01-12 22:08:40,-38104.04
"414",2010-01-12 22:08:50,-11717.0875
"415",2010-01-12 22:09:00,-36683.295
"416",2010-01-12 22:09:10,43880.6775
"417",2010-01-12 22:09:20,17145.2025
"418",2010-01-12 22:09:30,-39233.5025
"419",2010-01-12 22:09:40,7555.49
"420",2010-01-12 22:09:50,-320.7725
"421",2010-01-12 22:10:00,3068.82
"422",2010-01-12 22:10:10,-50293.945
"423",2010-01-12 22:10:20,87936.61
"424",2010-01-12 22:10:30,-57844.9275
"425",2010-01-12 22:10:40,28174.5925
"426",2010-01-12 22:10:50,-1935.7425
"427",2010-01-12 22:11:00,47609.3925
"428",2010-01-12 22:11:10,-56719.31
"429",2010-01-12 22:11:20,49986.325
"430",2010-01-12 22:11:30,-76163.6625
"431",2010-01-12 22:11:40,95660.41
"432",2010-01-12 22:11:50,-35695.6625
"433",2010-01-12 22:12:00,5750.82
"434",2010-01-12 22:12:10,26400.2275
"435",2010-01-12 22:12:20,-23756.125
"436",2010-01-12 22:12:30,-33436.1425
"437",2010-01-12 22:12:40,24697.4275
"438",2010-01-12 22:12:50,-31407.4525
"439",2010-01-12 22:13:00,35899.6775
"440",2010-01-12 22:13:10,25227.5125
"441",2010-01-12 22:13:20,-15358.3625
"442",2010-01-12 22:13:30,3789.6825
"443",2010-01-12 22:13:40,-32249.535
"444",2010-01-12 22:13:50,-6799.2375
"445",2010-01-12 22:14:00,36878.26
"446",2010-01-12 22:14:10,-30524.25
"447",2010-01-12 22:14:20,57183.265
"448",2010-01-12 22:14:30,-8397.8875
"449",2010-01-12 22:14:40,6218.2275
"450",2010-01-12 22:14:50,-57067.31
"451",2010-01-12 22:15:00,-5765.735
"452",2010-01-12 22:15:10,43996.36
"453",2010-01-12 22:15:20,-13709.885
"454",2010-01-12 22:15:30,41373.1225
"455",2010-01-12 22:15:40,-22036.99
"456",2010-01-12 22:15:50,-2276.825
"457",2010-01-12 22:16:00,-19650.28
"458",2010-01-12 22:16:10,-98.7225
"459",2010-01-12 22:16:20,-14702.0125
"460",2010-01-12 22:16:30,83127.435
"461",2010-01-12 22:16:40,-24560.1175
"462",2010-01-12 22:16:50,3749.7175
"463",2010-01-12 22:17:00,-18065.525
"464",2010-01-12 22:17:10,-5037.6525
"465",2010-01-12 22:17:20,-23250.4225
"466",2010-01-12 22:17:30,-3750.805
"467",2010-01-12 22:17:40,21774.3325
"468",2010-01-12 22:17:50,19274.345
"469",2010-01-12 22:18:00,18792.75
"470",2010-01-12 22:18:10,-19617.655
"471",2010-01-12 22:18:20,-7074.1075
"472",2010-01-12 22:18:30,20853.81
"473",2010-01-12 22:18:40,-16903.12
"474",2010-01-12 22:18:50,16276.185
"475",2010-01-12 22:19:00,10987.19
"476",2010-01-12 22:19:10,-4128.85
"477",2010-01-12 22:19:20,6196.745
"478",2010-01-12 22:19:30,12014.4475
"479",2010-01-12 22:19:40,-2746.135
"480",2010-01-12 22:19:50,-46835.4925
"481",2010-01-12 22:20:00,35175.925
"482",2010-01-12 22:20:10,16080.435
"483",2010-01-12 22:20:20,-17660.2525
"484",2010-01-12 22:20:30,4864.64
"485",2010-01-12 22:20:40,-20182.5925
"486",2010-01-12 22:20:50,25925.8375
"487",2010-01-12 22:21:00,3861.1525
"488",2010-01-12 22:21:10,-23719.055
"489",2010-01-12 22:21:20,25922.33
"490",2010-01-12 22:21:30,-7000.5825
"491",2010-01-12 22:21:40,1492.85
"492",2010-01-12 22:21:50,-1482.4425
"493",2010-01-12 22:22:00,1524.855
"494",2010-01-12 22:22:10,-9865.625
"495",2010-01-12 22:22:20,26518.2075
"496",2010-01-12 22:22:30,-719.6625
"497",2010-01-12 22:22:40,-7048.765
"498",2010-01-12 22:22:50,10781.6575
"499",2010-01-12 22:23:00,-4420.375
"500",2010-01-12 22:23:10,2415.29
"501",2010-01-12 22:23:20,19345.9575
"502",2010-01-12 22:23:30,-35013.5175
"503",2010-01-12 22:23:40,10467.6925
"504",2010-01-12 22:23:50,-4206.8525
"505",2010-01-12 22:24:00,-23.995
"506",2010-01-12 22:24:10,10567.4375
"507",2010-01-12 22:24:20,5907.555
"508",2010-01-12 22:24:30,-4752.785
"509",2010-01-12 22:24:40,-1755.505
"510",2010-01-12 22:24:50,6020.225
"511",2010-01-12 22:25:00,-2495.925
"512",2010-01-12 22:25:10,-3457.9
"513",2010-01-12 22:25:20,1364.4075
"514",2010-01-12 22:25:30,11473.2575
"515",2010-01-12 22:25:40,1079.3175
"516",2010-01-12 22:25:50,-4579.045
"517",2010-01-12 22:26:00,11459.5075
"518",2010-01-12 22:26:10,-1303.4525
"519",2010-01-12 22:26:20,338.9625
"520",2010-01-12 22:26:30,-1649.6975
"521",2010-01-12 22:26:40,23472.605
"522",2010-01-12 22:26:50,-23627.05
"523",2010-01-12 22:27:00,15517.8075
"524",2010-01-12 22:27:10,7362.475
"525",2010-01-12 22:27:20,-17699.8775
"526",2010-01-12 22:27:30,22359.09
"527",2010-01-12 22:27:40,-21139.4625
"528",2010-01-12 22:27:50,18147.7425
"529",2010-01-12 22:28:00,-10872.8525
"530",2010-01-12 22:28:10,5874.0725
"531",2010-01-12 22:28:20,-1137.7
"532",2010-01-12 22:28:30,22963.9125
"533",2010-01-12 22:28:40,-19525.015
"534",2010-01-12 22:28:50,2950.18
"535",2010-01-12 22:29:00,-1847.42
"536",2010-01-12 22:29:10,-8143.76
"537",2010-01-12 22:29:20,23064.4
"538",2010-01-12 22:29:30,-13010.6475
"539",2010-01-12 22:29:40,9297.14
"540",2010-01-12 22:29:50,-8357.745
"541",2010-01-12 22:30:00,10885.37
"542",2010-01-12 22:30:10,5508.435
"543",2010-01-12 22:30:20,8323.9875
"544",2010-01-12 22:30:30,-3290.66
"545",2010-01-12 22:30:40,9778.59
"546",2010-01-12 22:30:50,-6808.87
"547",2010-01-12 22:31:00,-755.905
"548",2010-01-12 22:31:10,-4539.145
"549",2010-01-12 22:31:20,9473.8275
"550",2010-01-12 22:31:30,-1695.85
"551",2010-01-12 22:31:40,-9282.7975
"552",2010-01-12 22:31:50,4575.995
"553",2010-01-12 22:32:00,11538.9425
"554",2010-01-12 22:32:10,-3093.115
"555",2010-01-12 22:32:20,2421.31
"556",2010-01-12 22:32:30,-4745.7075
"557",2010-01-12 22:32:40,-8488.18
"558",2010-01-12 22:32:50,22945.195
"559",2010-01-12 22:33:00,-6991.2
"560",2010-01-12 22:33:10,-647.6875
"561",2010-01-12 22:33:20,1336.6125
"562",2010-01-12 22:33:30,2266.465
"563",2010-01-12 22:33:40,6723.675
"564",2010-01-12 22:33:50,537.64
"565",2010-01-12 22:34:00,-2016.335
"566",2010-01-12 22:34:10,8366.465
"567",2010-01-12 22:34:20,-3842.415
"568",2010-01-12 22:34:30,7666.495
"569",2010-01-12 22:34:40,-7321.24
"570",2010-01-12 22:34:50,8218.69
"571",2010-01-12 22:35:00,-10673.745
"572",2010-01-12 22:35:10,17534.005
"573",2010-01-12 22:35:20,-4165.9525
"574",2010-01-12 22:35:30,439.7675
"575",2010-01-12 22:35:40,2494.215
"576",2010-01-12 22:35:50,-4565.3175
"577",2010-01-12 22:36:00,779.5625
"578",2010-01-12 22:36:10,11721.7275
"579",2010-01-12 22:36:20,-628.82
"580",2010-01-12 22:36:30,849.4075
"581",2010-01-12 22:36:40,-3178.45
"582",2010-01-12 22:36:50,9178.1425
"583",2010-01-12 22:37:00,-7095.0325
"584",2010-01-12 22:37:10,7613.0675
"585",2010-01-12 22:37:20,-2342.06
"586",2010-01-12 22:37:30,1372.705
"587",2010-01-12 22:37:40,1830.62
"588",2010-01-12 22:37:50,-147.0125
"589",2010-01-12 22:38:00,356.0125
"590",2010-01-12 22:38:10,12599.95
"591",2010-01-12 22:38:20,-15075.5225
"592",2010-01-12 22:38:30,13405.9075
"593",2010-01-12 22:38:40,-1729.8575
"594",2010-01-12 22:38:50,-3030.2725
"595",2010-01-12 22:39:00,11713.7675
"596",2010-01-12 22:39:10,-9456.5125
"597",2010-01-12 22:39:20,7363.6175
"598",2010-01-12 22:39:30,-4393.1275
"599",2010-01-12 22:39:40,11336.3625
"600",2010-01-12 22:39:50,-4589.0075
"601",2010-01-12 22:40:00,2383.64
"602",2010-01-12 22:40:10,8945.2175
"603",2010-01-12 22:40:20,-9726.64
"604",2010-01-12 22:40:30,5090.415
"605",2010-01-12 22:40:40,3657.95
"606",2010-01-12 22:40:50,2183.8925
"607",2010-01-12 22:41:00,80.845
"608",2010-01-12 22:41:10,2033.665
"609",2010-01-12 22:41:20,-588.855
"610",2010-01-12 22:41:30,2318.4325
"611",2010-01-12 22:41:40,-2700.695
"612",2010-01-12 22:41:50,8394.925
"613",2010-01-12 22:42:00,-5247.695
"614",2010-01-12 22:42:10,4672.7875
"615",2010-01-12 22:42:20,-3634.7025
"616",2010-01-12 22:42:30,14528.7025
"617",2010-01-12 22:42:40,-8702.1725
"618",2010-01-12 22:42:50,4690.34
"619",2010-01-12 22:43:00,261.8325
"620",2010-01-12 22:43:10,2440.8675
"621",2010-01-12 22:43:20,3655.1375
"622",2010-01-12 22:43:30,-3705.7
"623",2010-01-12 22:43:40,3097.4475
"624",2010-01-12 22:43:50,2055.7025
"625",2010-01-12 22:44:00,605.155
"626",2010-01-12 22:44:10,4091.5025
"627",2010-01-12 22:44:20,-248.4525
"628",2010-01-12 22:44:30,1546.0975
"629",2010-01-12 22:44:40,6395.295
"630",2010-01-12 22:44:50,-7958.795
"631",2010-01-12 22:45:00,2981.1675
"632",2010-01-12 22:45:10,7835.2775
"633",2010-01-12 22:45:20,-3998.785
"634",2010-01-12 22:45:30,3865.905
"635",2010-01-12 22:45:40,-1933.1775
"636",2010-01-12 22:45:50,5013.7575
"637",2010-01-12 22:46:00,1468.3175
"638",2010-01-12 22:46:10,1973.7075
"639",2010-01-12 22:46:20,1355.87
"640",2010-01-12 22:46:30,-4544.2625
"641",2010-01-12 22:46:40,8921.115
"642",2010-01-12 22:46:50,-515.9625
"643",2010-01-12 22:47:00,3117.17
"644",2010-01-12 22:47:10,-2290.735
"645",2010-01-12 22:47:20,3641.0975
"646",2010-01-12 22:47:30,-2288.4475
"647",2010-01-12 22:47:40,9179.8
"648",2010-01-12 22:47:50,-4603.795
"649",2010-01-12 22:48:00,-4415.865
"650",2010-01-12 22:48:10,16004.9075
"651",2010-01-12 22:48:20,-9096.41
"652",2010-01-12 22:48:30,8488.775
"653",2010-01-12 22:48:40,-6357.0425
"654",2010-01-12 22:48:50,8576.88
"655",2010-01-12 22:49:00,1607.0525
"656",2010-01-12 22:49:10,-2789.6675
"657",2010-01-12 22:49:20,4733.3525
"658",2010-01-12 22:49:30,-4459.305
"659",2010-01-12 22:49:40,4909.945
"660",2010-01-12 22:49:50,4876.52
"661",2010-01-12 22:50:00,-2224.555
"662",2010-01-12 22:50:10,71.57
"663",2010-01-12 22:50:20,3719.3775
"664",2010-01-12 22:50:30,5284.6075
"665",2010-01-12 22:50:40,-5237.2775
"666",2010-01-12 22:50:50,5245.985
"667",2010-01-12 22:51:00,-664.315
"668",2010-01-12 22:51:10,1617.9275
"669",2010-01-12 22:51:20,2452.56
"670",2010-01-12 22:51:30,2565.825
"671",2010-01-12 22:51:40,-1441.1125
"672",2010-01-12 22:51:50,1476.1925
"673",2010-01-12 22:52:00,3542.6175
"674",2010-01-12 22:52:10,-2313.205
"675",2010-01-12 22:52:20,4442.95
"676",2010-01-12 22:52:30,-1109.1375
"677",2010-01-12 22:52:40,7329.995
"678",2010-01-12 22:52:50,-3913.485
"679",2010-01-12 22:53:00,6227.1725
"680",2010-01-12 22:53:10,636.895
"681",2010-01-12 22:53:20,-3363.8525
"682",2010-01-12 22:53:30,3749.7525
"683",2010-01-12 22:53:40,2424.76
"684",2010-01-12 22:53:50,1530.805
"685",2010-01-12 22:54:00,-1812.5225
"686",2010-01-12 22:54:10,4150.0025
"687",2010-01-12 22:54:20,3074.115
"688",2010-01-12 22:54:30,967.2625
"689",2010-01-12 22:54:40,-4829.445
"690",2010-01-12 22:54:50,6794.32
"691",2010-01-12 22:55:00,4416.1225
"692",2010-01-12 22:55:10,-1723.8875
"693",2010-01-12 22:55:20,6.2525
"694",2010-01-12 22:55:30,5705.225
"695",2010-01-12 22:55:40,-2233.4275
"696",2010-01-12 22:55:50,2848.8375
"697",2010-01-12 22:56:00,-2478.5025
"698",2010-01-12 22:56:10,5485.7875
"699",2010-01-12 22:56:20,-1498.315
"700",2010-01-12 22:56:30,4640.38
"701",2010-01-12 22:56:40,1597.405
"702",2010-01-12 22:56:50,-1281.2675
"703",2010-01-12 22:57:00,1854.965
"704",2010-01-12 22:57:10,2308.305
"705",2010-01-12 22:57:20,3355.35
"706",2010-01-12 22:57:30,-724.955
"707",2010-01-12 22:57:40,1589.3175
"708",2010-01-12 22:57:50,1825.74
"709",2010-01-12 22:58:00,84.4925
"710",2010-01-12 22:58:10,1151.335
"711",2010-01-12 22:58:20,5103.355
"712",2010-01-12 22:58:30,-5274.4325
"713",2010-01-12 22:58:40,9134.6525
"714",2010-01-12 22:58:50,-2469.005
"715",2010-01-12 22:59:00,349.365
"716",2010-01-12 22:59:10,3216.1475
"717",2010-01-12 22:59:20,3416.5925
"718",2010-01-12 22:59:30,619.5575
"719",2010-01-12 22:59:40,-1760.5225
"720",2010-01-12 22:59:50,3433.59
"721",2010-01-12 23:00:00,2519.6925
"722",2010-01-12 23:00:10,1067.35
"723",2010-01-12 23:00:20,-466.3075
"724",2010-01-12 23:00:30,3131.7875
"725",2010-01-12 23:00:40,-1202.845
"726",2010-01-12 23:00:50,5112.735
"727",2010-01-12 23:01:00,97.805
"728",2010-01-12 23:01:10,1401.7425
"729",2010-01-12 23:01:20,1508.5825
"730",2010-01-12 23:01:30,3529.6525
"731",2010-01-12 23:01:40,-2754.645
"732",2010-01-12 23:01:50,4463.95
"733",2010-01-12 23:02:00,-2857.6025
"734",2010-01-12 23:02:10,5486.6825
"735",2010-01-12 23:02:20,-704.2975
"736",2010-01-12 23:02:30,2712.3225
"737",2010-01-12 23:02:40,239.03
"738",2010-01-12 23:02:50,5013.895
"739",2010-01-12 23:03:00,-163.42
"740",2010-01-12 23:03:10,1644.705
"741",2010-01-12 23:03:20,-1212.6425
"742",2010-01-12 23:03:30,2203.5
"743",2010-01-12 23:03:40,516.825
"744",2010-01-12 23:03:50,5363.635
"745",2010-01-12 23:04:00,-3613.6575
"746",2010-01-12 23:04:10,2150.8625
"747",2010-01-12 23:04:20,3868.3425
"748",2010-01-12 23:04:30,1391.2375
"749",2010-01-12 23:04:40,1989.3775
"750",2010-01-12 23:04:50,1641.39
"751",2010-01-12 23:05:00,-2835.525
"752",2010-01-12 23:05:10,5301.43
"753",2010-01-12 23:05:20,-828.955
"754",2010-01-12 23:05:30,2325.805
"755",2010-01-12 23:05:40,2195.8425
"756",2010-01-12 23:05:50,235.675
"757",2010-01-12 23:06:00,4236.1375
"758",2010-01-12 23:06:10,-2380.8975
"759",2010-01-12 23:06:20,6146.8975
"760",2010-01-12 23:06:30,-2797.9775
"761",2010-01-12 23:06:40,1571.845
"762",2010-01-12 23:06:50,3469.1275
"763",2010-01-12 23:07:00,62.6175
"764",2010-01-12 23:07:10,2421.47
"765",2010-01-12 23:07:20,1073.995
"766",2010-01-12 23:07:30,845.5925
"767",2010-01-12 23:07:40,4250.425
"768",2010-01-12 23:07:50,-1784.4325
"769",2010-01-12 23:08:00,1326.035
"770",2010-01-12 23:08:10,2711.3925
"771",2010-01-12 23:08:20,207.6325
"772",2010-01-12 23:08:30,3300.3275
"773",2010-01-12 23:08:40,-1034.4025
"774",2010-01-12 23:08:50,3776.3625
"775",2010-01-12 23:09:00,1530.5175
"776",2010-01-12 23:09:10,-754.3675
"777",2010-01-12 23:09:20,2684.2625
"778",2010-01-12 23:09:30,2561.4825
"779",2010-01-12 23:09:40,934.9725
"780",2010-01-12 23:09:50,1574.6225
"781",2010-01-12 23:10:00,-688.125
"782",2010-01-12 23:10:10,2289.2575
"783",2010-01-12 23:10:20,2648.3075
"784",2010-01-12 23:10:30,-908.11
"785",2010-01-12 23:10:40,3744.9725
"786",2010-01-12 23:10:50,1308.6025
"787",2010-01-12 23:11:00,-746.0025
"788",2010-01-12 23:11:10,2641.485
"789",2010-01-12 23:11:20,317.8825
"790",2010-01-12 23:11:30,4490.6725
"791",2010-01-12 23:11:40,-358.53
"792",2010-01-12 23:11:50,-1026.84
"793",2010-01-12 23:12:00,5805.55
"794",2010-01-12 23:12:10,-4771.34
"795",2010-01-12 23:12:20,9011.755
"796",2010-01-12 23:12:30,-3073.5925
"797",2010-01-12 23:12:40,4260.6625
"798",2010-01-12 23:12:50,-1905.0125
"799",2010-01-12 23:13:00,3257.52
"800",2010-01-12 23:13:10,532.37
"801",2010-01-12 23:13:20,2461.18
"802",2010-01-12 23:13:30,-875.4525
"803",2010-01-12 23:13:40,6619.845
"804",2010-01-12 23:13:50,-4389.9875
"805",2010-01-12 23:14:00,5192.0825
"806",2010-01-12 23:14:10,-428.17
"807",2010-01-12 23:14:20,1888.465
"808",2010-01-12 23:14:30,1628.3
"809",2010-01-12 23:14:40,202.785
"810",2010-01-12 23:14:50,4637.53
"811",2010-01-12 23:15:00,-1265.98
"812",2010-01-12 23:15:10,3133.1075
"813",2010-01-12 23:15:20,-655.1425
"814",2010-01-12 23:15:30,4662.1625
"815",2010-01-12 23:15:40,-3816.4275
"816",2010-01-12 23:15:50,5615.5425
"817",2010-01-12 23:16:00,-560.4025
"818",2010-01-12 23:16:10,2590.37
"819",2010-01-12 23:16:20,1205.4725
"820",2010-01-12 23:16:30,746.2625
"821",2010-01-12 23:16:40,2040.475
"822",2010-01-12 23:16:50,2095.75
"823",2010-01-12 23:17:00,-1149.905
"824",2010-01-12 23:17:10,2234.715
"825",2010-01-12 23:17:20,2517.1225
"826",2010-01-12 23:17:30,768.87
"827",2010-01-12 23:17:40,1495.67
"828",2010-01-12 23:17:50,1788.095
"829",2010-01-12 23:18:00,2002.6075
"830",2010-01-12 23:18:10,1857.58
"831",2010-01-12 23:18:20,-1206.9175
"832",2010-01-12 23:18:30,3252.4825
"833",2010-01-12 23:18:40,671.8175
"834",2010-01-12 23:18:50,2858.225
"835",2010-01-12 23:19:00,-2340.94
"836",2010-01-12 23:19:10,4350.2275
"837",2010-01-12 23:19:20,1821.8
"838",2010-01-12 23:19:30,312.425
"839",2010-01-12 23:19:40,1768.2325
"840",2010-01-12 23:19:50,1591.495
"841",2010-01-12 23:20:00,453.9525
"842",2010-01-12 23:20:10,2717.1425
"843",2010-01-12 23:20:20,142.465
"844",2010-01-12 23:20:30,1781.5
"845",2010-01-12 23:20:40,3537.73
"846",2010-01-12 23:20:50,-1210.67
"847",2010-01-12 23:21:00,3061.1775
"848",2010-01-12 23:21:10,-1036.3175
"849",2010-01-12 23:21:20,4938.1275
"850",2010-01-12 23:21:30,-1518.2925
"851",2010-01-12 23:21:40,1822.2425
"852",2010-01-12 23:21:50,1930.105
"853",2010-01-12 23:22:00,2159.535
"854",2010-01-12 23:22:10,4655.82
"855",2010-01-12 23:22:20,-5311.33
"856",2010-01-12 23:22:30,4155.49
"857",2010-01-12 23:22:40,780.605
"858",2010-01-12 23:22:50,3260.655
"859",2010-01-12 23:23:00,-2332.885
"860",2010-01-12 23:23:10,5348.51
"861",2010-01-12 23:23:20,-267.8875
"862",2010-01-12 23:23:30,681.8375
"863",2010-01-12 23:23:40,3837.8475
"864",2010-01-12 23:23:50,1014.515
"865",2010-01-12 23:24:00,1235.3225
"866",2010-01-12 23:24:10,-977.9
"867",2010-01-12 23:24:20,3535.445
"868",2010-01-12 23:24:30,-927.0425
"869",2010-01-12 23:24:40,3512.04
"870",2010-01-12 23:24:50,1345.88
"871",2010-01-12 23:25:00,-189.505
"872",2010-01-12 23:25:10,2133.97
"873",2010-01-12 23:25:20,1901.9475
"874",2010-01-12 23:25:30,-420.915
"875",2010-01-12 23:25:40,1161.87
"876",2010-01-12 23:25:50,4963.6875
"877",2010-01-12 23:26:00,-855.24
"878",2010-01-12 23:26:10,4263.69
"879",2010-01-12 23:26:20,-875.8775
"880",2010-01-12 23:26:30,1909.9625
"881",2010-01-12 23:26:40,-590.89
"882",2010-01-12 23:26:50,956.2125
"883",2010-01-12 23:27:00,6193.485
"884",2010-01-12 23:27:10,-1871.0425
"885",2010-01-12 23:27:20,3621.01
"886",2010-01-12 23:27:30,-453.9125
"887",2010-01-12 23:27:40,2379.025
"888",2010-01-12 23:27:50,455.0225
"889",2010-01-12 23:28:00,-542.6575
"890",2010-01-12 23:28:10,4477.385
"891",2010-01-12 23:28:20,-1060.5225
"892",2010-01-12 23:28:30,3932.52
"893",2010-01-12 23:28:40,417.135
"894",2010-01-12 23:28:50,1962.99
"895",2010-01-12 23:29:00,476.3225
"896",2010-01-12 23:29:10,1275.75
"897",2010-01-12 23:29:20,1648.57
"898",2010-01-12 23:29:30,629.3375
"899",2010-01-12 23:29:40,4158.345
"900",2010-01-12 23:29:50,-3063.575
"901",2010-01-12 23:30:00,5682.1775
"902",2010-01-12 23:30:10,496.3875
"903",2010-01-12 23:30:20,1126.1975
"904",2010-01-12 23:30:30,1129.97
"905",2010-01-12 23:30:40,-842.825
"906",2010-01-12 23:30:50,3713.01
"907",2010-01-12 23:31:00,615.5625
"908",2010-01-12 23:31:10,393.74
"909",2010-01-12 23:31:20,3315.895
"910",2010-01-12 23:31:30,4019.4075
"911",2010-01-12 23:31:40,-1914.865
"912",2010-01-12 23:31:50,1657.76
"913",2010-01-12 23:32:00,2462.1025
"914",2010-01-12 23:32:10,-2405.9975
"915",2010-01-12 23:32:20,1691.915
"916",2010-01-12 23:32:30,2815.62
"917",2010-01-12 23:32:40,3048.39
"918",2010-01-12 23:32:50,1090.505
"919",2010-01-12 23:33:00,4085.64
"920",2010-01-12 23:33:10,-2596.745
"921",2010-01-12 23:33:20,3712.875
"922",2010-01-12 23:33:30,402.285
"923",2010-01-12 23:33:40,5740.6575
"924",2010-01-12 23:33:50,-3886.275
"925",2010-01-12 23:34:00,-805.525
"926",2010-01-12 23:34:10,1005.085
"927",2010-01-12 23:34:20,3663.1475
"928",2010-01-12 23:34:30,3607.775
"929",2010-01-12 23:34:40,-500.725
"930",2010-01-12 23:34:50,2389.52
"931",2010-01-12 23:35:00,-56.6
"932",2010-01-12 23:35:10,-1089.9825
"933",2010-01-12 23:35:20,3449.115
"934",2010-01-12 23:35:30,6073.0175
"935",2010-01-12 23:35:40,1740.375
"936",2010-01-12 23:35:50,430.8575
"937",2010-01-12 23:36:00,-4112.51
"938",2010-01-12 23:36:10,3822.165
"939",2010-01-12 23:36:20,3420.955
"940",2010-01-12 23:36:30,2090.9625
"941",2010-01-12 23:36:40,-3805.3125
"942",2010-01-12 23:36:50,2572.72
"943",2010-01-12 23:37:00,4371.7175
"944",2010-01-12 23:37:10,286.245
"945",2010-01-12 23:37:20,53.305
"946",2010-01-12 23:37:30,2422.0525
"947",2010-01-12 23:37:40,4696.2525
"948",2010-01-12 23:37:50,-567.4625
"949",2010-01-12 23:38:00,-839.37
"950",2010-01-12 23:38:10,-617.695
"951",2010-01-12 23:38:20,3000.5675
"952",2010-01-12 23:38:30,4979.9125
"953",2010-01-12 23:38:40,643.045
"954",2010-01-12 23:38:50,-1109.7025
"955",2010-01-12 23:39:00,1041.6625
"956",2010-01-12 23:39:10,350.445
"957",2010-01-12 23:39:20,4840.1025
"958",2010-01-12 23:39:30,2497.38
"959",2010-01-12 23:39:40,-728.19
"960",2010-01-12 23:39:50,-705.615
"961",2010-01-12 23:40:00,694.0575
"962",2010-01-12 23:40:10,4507.5125
"963",2010-01-12 23:40:20,3457.305
"964",2010-01-12 23:40:30,-166.8025
"965",2010-01-12 23:40:40,-329.7075
"966",2010-01-12 23:40:50,4072.805
"967",2010-01-12 23:41:00,1408.7825
"968",2010-01-12 23:41:10,463.6575
"969",2010-01-12 23:41:20,625.75
"970",2010-01-12 23:41:30,-611.3075
"971",2010-01-12 23:41:40,3177.295
"972",2010-01-12 23:41:50,2275.885
"973",2010-01-12 23:42:00,1715.405
"974",2010-01-12 23:42:10,320.5875
"975",2010-01-12 23:42:20,-1867.2625
"976",2010-01-12 23:42:30,5052.55
"977",2010-01-12 23:42:40,2864.565
"978",2010-01-12 23:42:50,2674.145
"979",2010-01-12 23:43:00,-2487.41
"980",2010-01-12 23:43:10,-1002.43
"981",2010-01-12 23:43:20,3436.585
"982",2010-01-12 23:43:30,910.7425
"983",2010-01-12 23:43:40,4442.7575
"984",2010-01-12 23:43:50,152.32
"985",2010-01-12 23:44:00,1466.355
"986",2010-01-12 23:44:10,1197.3375
"987",2010-01-12 23:44:20,-770.6775
"988",2010-01-12 23:44:30,1387.53
"989",2010-01-12 23:44:40,1451.405
"990",2010-01-12 23:44:50,3563.185
"991",2010-01-12 23:45:00,2460.6675
"992",2010-01-12 23:45:10,1821.455
"993",2010-01-12 23:45:20,-87.905
"994",2010-01-12 23:45:30,2361.49
"995",2010-01-12 23:45:40,1780.58
"996",2010-01-12 23:45:50,1551.3675
"997",2010-01-12 23:46:00,-1378.36
"998",2010-01-12 23:46:10,834.4275
"999",2010-01-12 23:46:20,2797.265
"1000",2010-01-12 23:46:30,1030.82
"1001",2010-01-12 23:46:40,3976.0125
"1002",2010-01-12 23:46:50,1544.7025
"1003",2010-01-12 23:47:00,-1458.555
"1004",2010-01-12 23:47:10,2099.145
"1005",2010-01-12 23:47:20,703.825
"1006",2010-01-12 23:47:30,724.5125
"1007",2010-01-12 23:47:40,803.93
"1008",2010-01-12 23:47:50,-110.24
"1009",2010-01-12 23:48:00,4377.7475
"1010",2010-01-12 23:48:10,2249.1
"1011",2010-01-12 23:48:20,1785.9575
"1012",2010-01-12 23:48:30,519.06
"1013",2010-01-12 23:48:40,1665.425
"1014",2010-01-12 23:48:50,-443.1475
"1015",2010-01-12 23:49:00,3979.72
"1016",2010-01-12 23:49:10,978.305
"1017",2010-01-12 23:49:20,25.085
"1018",2010-01-12 23:49:30,323.3875
"1019",2010-01-12 23:49:40,1510.775
"1020",2010-01-12 23:49:50,2589.62
"1021",2010-01-12 23:50:00,3470.065
"1022",2010-01-12 23:50:10,1066.385
"1023",2010-01-12 23:50:20,1258.3175
"1024",2010-01-12 23:50:30,4182.84
"1025",2010-01-12 23:50:40,-1193.205
"1026",2010-01-12 23:50:50,-1599.265
"1027",2010-01-12 23:51:00,-2001.5025
"1028",2010-01-12 23:51:10,1824.66
"1029",2010-01-12 23:51:20,4668.2425
"1030",2010-01-12 23:51:30,3196.11
"1031",2010-01-12 23:51:40,4160.845
"1032",2010-01-12 23:51:50,-290.785
"1033",2010-01-12 23:52:00,956.955
"1034",2010-01-12 23:52:10,35.7
"1035",2010-01-12 23:52:20,1560.715
"1036",2010-01-12 23:52:30,361.605
"1037",2010-01-12 23:52:40,1658.0025
"1038",2010-01-12 23:52:50,803.475
"1039",2010-01-12 23:53:00,514.1075
"1040",2010-01-12 23:53:10,2106.83
"1041",2010-01-12 23:53:20,3573.8075
"1042",2010-01-12 23:53:30,867.4275
"1043",2010-01-12 23:53:40,649.8675
"1044",2010-01-12 23:53:50,304.015
"1045",2010-01-12 23:54:00,3505.4225
"1046",2010-01-12 23:54:10,1637.5
"1047",2010-01-12 23:54:20,-1142.1875
"1048",2010-01-12 23:54:30,3618.565
"1049",2010-01-12 23:54:40,2417.785
"1050",2010-01-12 23:54:50,1292.8025
"1051",2010-01-12 23:55:00,-148.33
"1052",2010-01-12 23:55:10,8.8075
"1053",2010-01-12 23:55:20,301.1425
"1054",2010-01-12 23:55:30,1863.565
"1055",2010-01-12 23:55:40,2446.8675
"1056",2010-01-12 23:55:50,3576.36
"1057",2010-01-12 23:56:00,1952.3875
"1058",2010-01-12 23:56:10,-1206.265
"1059",2010-01-12 23:56:20,1019.085
"1060",2010-01-12 23:56:30,1108.4325
"1061",2010-01-12 23:56:40,1179.9275
"1062",2010-01-12 23:56:50,2808.5275
"1063",2010-01-12 23:57:00,1168.0075
"1064",2010-01-12 23:57:10,779.1725
"1065",2010-01-12 23:57:20,2765.2425
"1066",2010-01-12 23:57:30,1293.2775
"1067",2010-01-12 23:57:40,2046.74
"1068",2010-01-12 23:57:50,5.005
"1069",2010-01-12 23:58:00,2583.2425
"1070",2010-01-12 23:58:10,1210.0225
"1071",2010-01-12 23:58:20,-647.115
"1072",2010-01-12 23:58:30,1592.205
"1073",2010-01-12 23:58:40,2477.65
"1074",2010-01-12 23:58:50,812.9325
"1075",2010-01-12 23:59:00,1178.9125
"1076",2010-01-12 23:59:10,693.8875
"1077",2010-01-12 23:59:20,3036.7375
"1078",2010-01-12 23:59:30,1569.685
"1079",2010-01-12 23:59:40,1102.085
"1080",2010-01-12 23:59:50,1462.50555555556
