"","DateTime","CU.GRTK..BHZ.M"
"1",2010-01-12 21:00:00,257.05
"2",2010-01-12 21:00:10,573.075
"3",2010-01-12 21:00:20,142.4775
"4",2010-01-12 21:00:30,282.94
"5",2010-01-12 21:00:40,694.3125
"6",2010-01-12 21:00:50,383.145
"7",2010-01-12 21:01:00,433.7525
"8",2010-01-12 21:01:10,-125.225
"9",2010-01-12 21:01:20,830.6675
"10",2010-01-12 21:01:30,332.5375
"11",2010-01-12 21:01:40,725.055
"12",2010-01-12 21:01:50,195.7125
"13",2010-01-12 21:02:00,222.33
"14",2010-01-12 21:02:10,783.61
"15",2010-01-12 21:02:20,80.03
"16",2010-01-12 21:02:30,280.375
"17",2010-01-12 21:02:40,701.5675
"18",2010-01-12 21:02:50,462.455
"19",2010-01-12 21:03:00,-25.5475
"20",2010-01-12 21:03:10,965.2875
"21",2010-01-12 21:03:20,530.275
"22",2010-01-12 21:03:30,333.0375
"23",2010-01-12 21:03:40,381.05
"24",2010-01-12 21:03:50,70.1675
"25",2010-01-12 21:04:00,289.54
"26",2010-01-12 21:04:10,416.31
"27",2010-01-12 21:04:20,418.99
"28",2010-01-12 21:04:30,368.81
"29",2010-01-12 21:04:40,302.14
"30",2010-01-12 21:04:50,354.8675
"31",2010-01-12 21:05:00,257.6325
"32",2010-01-12 21:05:10,495.645
"33",2010-01-12 21:05:20,678.8575
"34",2010-01-12 21:05:30,204.9175
"35",2010-01-12 21:05:40,-16.7775
"36",2010-01-12 21:05:50,265.045
"37",2010-01-12 21:06:00,397.005
"38",2010-01-12 21:06:10,643.1875
"39",2010-01-12 21:06:20,439.9775
"40",2010-01-12 21:06:30,850.2175
"41",2010-01-12 21:06:40,778.435
"42",2010-01-12 21:06:50,167.0875
"43",2010-01-12 21:07:00,718.8175
"44",2010-01-12 21:07:10,732.7775
"45",2010-01-12 21:07:20,215.6875
"46",2010-01-12 21:07:30,169.7225
"47",2010-01-12 21:07:40,125.9625
"48",2010-01-12 21:07:50,639.6925
"49",2010-01-12 21:08:00,93.2225
"50",2010-01-12 21:08:10,282.28
"51",2010-01-12 21:08:20,553.42
"52",2010-01-12 21:08:30,467.3375
"53",2010-01-12 21:08:40,268.5325
"54",2010-01-12 21:08:50,315.5825
"55",2010-01-12 21:09:00,138.865
"56",2010-01-12 21:09:10,-14.9275
"57",2010-01-12 21:09:20,613.3175
"58",2010-01-12 21:09:30,349.2075
"59",2010-01-12 21:09:40,138.8425
"60",2010-01-12 21:09:50,862.85
"61",2010-01-12 21:10:00,225.705
"62",2010-01-12 21:10:10,774.25
"63",2010-01-12 21:10:20,379.54
"64",2010-01-12 21:10:30,26.1275
"65",2010-01-12 21:10:40,461.745
"66",2010-01-12 21:10:50,570.1225
"67",2010-01-12 21:11:00,708.48
"68",2010-01-12 21:11:10,848.64
"69",2010-01-12 21:11:20,467.575
"70",2010-01-12 21:11:30,259.8625
"71",2010-01-12 21:11:40,415.605
"72",2010-01-12 21:11:50,273
"73",2010-01-12 21:12:00,336.1925
"74",2010-01-12 21:12:10,468.3375
"75",2010-01-12 21:12:20,220.8175
"76",2010-01-12 21:12:30,214.285
"77",2010-01-12 21:12:40,612.9575
"78",2010-01-12 21:12:50,-46.565
"79",2010-01-12 21:13:00,335.64
"80",2010-01-12 21:13:10,409.7375
"81",2010-01-12 21:13:20,581.1275
"82",2010-01-12 21:13:30,201.3
"83",2010-01-12 21:13:40,505.985
"84",2010-01-12 21:13:50,197.51
"85",2010-01-12 21:14:00,300.2275
"86",2010-01-12 21:14:10,488.2925
"87",2010-01-12 21:14:20,772.985
"88",2010-01-12 21:14:30,505.6225
"89",2010-01-12 21:14:40,54.6475
"90",2010-01-12 21:14:50,546.55
"91",2010-01-12 21:15:00,166.6525
"92",2010-01-12 21:15:10,291.43
"93",2010-01-12 21:15:20,745.54
"94",2010-01-12 21:15:30,50.9525
"95",2010-01-12 21:15:40,715.7225
"96",2010-01-12 21:15:50,576.5125
"97",2010-01-12 21:16:00,481.91
"98",2010-01-12 21:16:10,457.585
"99",2010-01-12 21:16:20,154.3975
"100",2010-01-12 21:16:30,465.1525
"101",2010-01-12 21:16:40,664.8775
"102",2010-01-12 21:16:50,216.1675
"103",2010-01-12 21:17:00,528.2925
"104",2010-01-12 21:17:10,123.81
"105",2010-01-12 21:17:20,496.7275
"106",2010-01-12 21:17:30,370.6775
"107",2010-01-12 21:17:40,396.095
"108",2010-01-12 21:17:50,404.89
"109",2010-01-12 21:18:00,381.5175
"110",2010-01-12 21:18:10,529.7675
"111",2010-01-12 21:18:20,582.12
"112",2010-01-12 21:18:30,298.7625
"113",2010-01-12 21:18:40,594.5375
"114",2010-01-12 21:18:50,-50.63
"115",2010-01-12 21:19:00,549.68
"116",2010-01-12 21:19:10,12.0075
"117",2010-01-12 21:19:20,657.07
"118",2010-01-12 21:19:30,202.575
"119",2010-01-12 21:19:40,548.41
"120",2010-01-12 21:19:50,446.52
"121",2010-01-12 21:20:00,802.8075
"122",2010-01-12 21:20:10,550.7775
"123",2010-01-12 21:20:20,336.98
"124",2010-01-12 21:20:30,-121.4925
"125",2010-01-12 21:20:40,254.9725
"126",2010-01-12 21:20:50,501.8325
"127",2010-01-12 21:21:00,303.015
"128",2010-01-12 21:21:10,149.6625
"129",2010-01-12 21:21:20,574.7
"130",2010-01-12 21:21:30,289.445
"131",2010-01-12 21:21:40,682.935
"132",2010-01-12 21:21:50,667.5675
"133",2010-01-12 21:22:00,447.9875
"134",2010-01-12 21:22:10,169.0675
"135",2010-01-12 21:22:20,227.895
"136",2010-01-12 21:22:30,399.555
"137",2010-01-12 21:22:40,290.2
"138",2010-01-12 21:22:50,999.7625
"139",2010-01-12 21:23:00,332.0925
"140",2010-01-12 21:23:10,452.59
"141",2010-01-12 21:23:20,783.2975
"142",2010-01-12 21:23:30,353.985
"143",2010-01-12 21:23:40,449.0975
"144",2010-01-12 21:23:50,89.86
"145",2010-01-12 21:24:00,319.9575
"146",2010-01-12 21:24:10,310.53
"147",2010-01-12 21:24:20,714.605
"148",2010-01-12 21:24:30,467.45
"149",2010-01-12 21:24:40,203.315
"150",2010-01-12 21:24:50,426.185
"151",2010-01-12 21:25:00,423.6625
"152",2010-01-12 21:25:10,577.935
"153",2010-01-12 21:25:20,45.4775
"154",2010-01-12 21:25:30,368.45
"155",2010-01-12 21:25:40,473.4575
"156",2010-01-12 21:25:50,174.885
"157",2010-01-12 21:26:00,484.49
"158",2010-01-12 21:26:10,145.175
"159",2010-01-12 21:26:20,757.56
"160",2010-01-12 21:26:30,296.26
"161",2010-01-12 21:26:40,627.1175
"162",2010-01-12 21:26:50,670.24
"163",2010-01-12 21:27:00,68.09
"164",2010-01-12 21:27:10,309.9775
"165",2010-01-12 21:27:20,253.495
"166",2010-01-12 21:27:30,764.6675
"167",2010-01-12 21:27:40,269.5625
"168",2010-01-12 21:27:50,193.2625
"169",2010-01-12 21:28:00,712.3275
"170",2010-01-12 21:28:10,276.56
"171",2010-01-12 21:28:20,349.9925
"172",2010-01-12 21:28:30,852.1525
"173",2010-01-12 21:28:40,403.5225
"174",2010-01-12 21:28:50,361.3275
"175",2010-01-12 21:29:00,447.1925
"176",2010-01-12 21:29:10,247.8975
"177",2010-01-12 21:29:20,808.1175
"178",2010-01-12 21:29:30,150.7425
"179",2010-01-12 21:29:40,305.4675
"180",2010-01-12 21:29:50,438.6925
"181",2010-01-12 21:30:00,380.835
"182",2010-01-12 21:30:10,-52.4125
"183",2010-01-12 21:30:20,674.7275
"184",2010-01-12 21:30:30,105.8225
"185",2010-01-12 21:30:40,754.79
"186",2010-01-12 21:30:50,339.5325
"187",2010-01-12 21:31:00,320.5425
"188",2010-01-12 21:31:10,565.39
"189",2010-01-12 21:31:20,594.305
"190",2010-01-12 21:31:30,852.7525
"191",2010-01-12 21:31:40,440.265
"192",2010-01-12 21:31:50,419.495
"193",2010-01-12 21:32:00,700.905
"194",2010-01-12 21:32:10,290.2475
"195",2010-01-12 21:32:20,205.8425
"196",2010-01-12 21:32:30,-55.6075
"197",2010-01-12 21:32:40,315.0075
"198",2010-01-12 21:32:50,541.7775
"199",2010-01-12 21:33:00,157.08
"200",2010-01-12 21:33:10,415.1425
"201",2010-01-12 21:33:20,310.915
"202",2010-01-12 21:33:30,842.635
"203",2010-01-12 21:33:40,468.775
"204",2010-01-12 21:33:50,686.805
"205",2010-01-12 21:34:00,456.6875
"206",2010-01-12 21:34:10,459.21
"207",2010-01-12 21:34:20,167.255
"208",2010-01-12 21:34:30,154.69
"209",2010-01-12 21:34:40,104.6575
"210",2010-01-12 21:34:50,354.09
"211",2010-01-12 21:35:00,581.87
"212",2010-01-12 21:35:10,616.8725
"213",2010-01-12 21:35:20,-40.105
"214",2010-01-12 21:35:30,779.97
"215",2010-01-12 21:35:40,596.15
"216",2010-01-12 21:35:50,443.8675
"217",2010-01-12 21:36:00,181.75
"218",2010-01-12 21:36:10,915.995
"219",2010-01-12 21:36:20,629.9075
"220",2010-01-12 21:36:30,413.29
"221",2010-01-12 21:36:40,356.54
"222",2010-01-12 21:36:50,714.05
"223",2010-01-12 21:37:00,175.4675
"224",2010-01-12 21:37:10,338.8025
"225",2010-01-12 21:37:20,336.96
"226",2010-01-12 21:37:30,436.8275
"227",2010-01-12 21:37:40,554.275
"228",2010-01-12 21:37:50,160.4025
"229",2010-01-12 21:38:00,584.7575
"230",2010-01-12 21:38:10,89.655
"231",2010-01-12 21:38:20,232.415
"232",2010-01-12 21:38:30,205.095
"233",2010-01-12 21:38:40,460.345
"234",2010-01-12 21:38:50,526.9125
"235",2010-01-12 21:39:00,358.375
"236",2010-01-12 21:39:10,609.235
"237",2010-01-12 21:39:20,329.5225
"238",2010-01-12 21:39:30,198.0675
"239",2010-01-12 21:39:40,250.87
"240",2010-01-12 21:39:50,211.365
"241",2010-01-12 21:40:00,479.8525
"242",2010-01-12 21:40:10,576.035
"243",2010-01-12 21:40:20,746.7
"244",2010-01-12 21:40:30,567.74
"245",2010-01-12 21:40:40,172.215
"246",2010-01-12 21:40:50,653.475
"247",2010-01-12 21:41:00,387.3025
"248",2010-01-12 21:41:10,468.77
"249",2010-01-12 21:41:20,234.56
"250",2010-01-12 21:41:30,768.8775
"251",2010-01-12 21:41:40,482.7425
"252",2010-01-12 21:41:50,568.355
"253",2010-01-12 21:42:00,712.1025
"254",2010-01-12 21:42:10,180.1675
"255",2010-01-12 21:42:20,497.9225
"256",2010-01-12 21:42:30,159.465
"257",2010-01-12 21:42:40,702.915
"258",2010-01-12 21:42:50,306.195
"259",2010-01-12 21:43:00,554.2975
"260",2010-01-12 21:43:10,480.7175
"261",2010-01-12 21:43:20,251.3225
"262",2010-01-12 21:43:30,567.2325
"263",2010-01-12 21:43:40,466.845
"264",2010-01-12 21:43:50,221.71
"265",2010-01-12 21:44:00,427.595
"266",2010-01-12 21:44:10,-85.4725
"267",2010-01-12 21:44:20,263.81
"268",2010-01-12 21:44:30,500.3575
"269",2010-01-12 21:44:40,542.28
"270",2010-01-12 21:44:50,529.8875
"271",2010-01-12 21:45:00,211.86
"272",2010-01-12 21:45:10,563.5625
"273",2010-01-12 21:45:20,205.83
"274",2010-01-12 21:45:30,383.5625
"275",2010-01-12 21:45:40,290.63
"276",2010-01-12 21:45:50,1039.9325
"277",2010-01-12 21:46:00,-17.0625
"278",2010-01-12 21:46:10,636.8525
"279",2010-01-12 21:46:20,428.9575
"280",2010-01-12 21:46:30,762.57
"281",2010-01-12 21:46:40,239.885
"282",2010-01-12 21:46:50,722.2725
"283",2010-01-12 21:47:00,612.8275
"284",2010-01-12 21:47:10,289.6575
"285",2010-01-12 21:47:20,211.4175
"286",2010-01-12 21:47:30,317.58
"287",2010-01-12 21:47:40,237.16
"288",2010-01-12 21:47:50,406.73
"289",2010-01-12 21:48:00,484.28
"290",2010-01-12 21:48:10,738.3525
"291",2010-01-12 21:48:20,238.2725
"292",2010-01-12 21:48:30,537.45
"293",2010-01-12 21:48:40,308.3375
"294",2010-01-12 21:48:50,279.93
"295",2010-01-12 21:49:00,466.71
"296",2010-01-12 21:49:10,455.1525
"297",2010-01-12 21:49:20,477.605
"298",2010-01-12 21:49:30,483.3625
"299",2010-01-12 21:49:40,435.37
"300",2010-01-12 21:49:50,204.7275
"301",2010-01-12 21:50:00,739.125
"302",2010-01-12 21:50:10,130.975
"303",2010-01-12 21:50:20,207.64
"304",2010-01-12 21:50:30,333.31
"305",2010-01-12 21:50:40,569.9775
"306",2010-01-12 21:50:50,530.1625
"307",2010-01-12 21:51:00,866.97
"308",2010-01-12 21:51:10,408.645
"309",2010-01-12 21:51:20,172.2325
"310",2010-01-12 21:51:30,442.95
"311",2010-01-12 21:51:40,517.2025
"312",2010-01-12 21:51:50,399.9
"313",2010-01-12 21:52:00,459.9775
"314",2010-01-12 21:52:10,650.45
"315",2010-01-12 21:52:20,311.545
"316",2010-01-12 21:52:30,148.2325
"317",2010-01-12 21:52:40,529.68
"318",2010-01-12 21:52:50,393.4325
"319",2010-01-12 21:53:00,571.77
"320",2010-01-12 21:53:10,287.19
"321",2010-01-12 21:53:20,561.4525
"322",2010-01-12 21:53:30,225.5625
"323",2010-01-12 21:53:40,615.935
"324",2010-01-12 21:53:50,445.0175
"325",2010-01-12 21:54:00,-375183.8125
"326",2010-01-12 21:54:10,926793.425
"327",2010-01-12 21:54:20,-559604.145
"328",2010-01-12 21:54:30,288502.2675
"329",2010-01-12 21:54:40,-1989.835
"330",2010-01-12 21:54:50,-363312.3275
"331",2010-01-12 21:55:00,-649187.1725
"332",2010-01-12 21:55:10,442353.6025
"333",2010-01-12 21:55:20,684634.0425
"334",2010-01-12 21:55:30,-145170.465
"335",2010-01-12 21:55:40,-247100.845
"336",2010-01-12 21:55:50,591804.8475
"337",2010-01-12 21:56:00,-270283.09
"338",2010-01-12 21:56:10,-806313.325
"339",2010-01-12 21:56:20,-39586.975
"340",2010-01-12 21:56:30,633732.1375
"341",2010-01-12 21:56:40,-50351.7425
"342",2010-01-12 21:56:50,-159752.02
"343",2010-01-12 21:57:00,42044.4675
"344",2010-01-12 21:57:10,-178091.95
"345",2010-01-12 21:57:20,274918.17
"346",2010-01-12 21:57:30,-466273.4025
"347",2010-01-12 21:57:40,158142.3
"348",2010-01-12 21:57:50,590874.8
"349",2010-01-12 21:58:00,-534827.6775
"350",2010-01-12 21:58:10,169384.995
"351",2010-01-12 21:58:20,-83214.8375
"352",2010-01-12 21:58:30,317535.56
"353",2010-01-12 21:58:40,-123343.2225
"354",2010-01-12 21:58:50,-54024.815
"355",2010-01-12 21:59:00,-106519.77
"356",2010-01-12 21:59:10,58608.8325
"357",2010-01-12 21:59:20,-244486.9325
"358",2010-01-12 21:59:30,250308.995
"359",2010-01-12 21:59:40,-16965.9025
"360",2010-01-12 21:59:50,19465.345
"361",2010-01-12 22:00:00,-149319.17
"362",2010-01-12 22:00:10,-45525.28
"363",2010-01-12 22:00:20,184041.655
"364",2010-01-12 22:00:30,-179428.6025
"365",2010-01-12 22:00:40,89018.165
"366",2010-01-12 22:00:50,-68570.0225
"367",2010-01-12 22:01:00,94252.3875
"368",2010-01-12 22:01:10,-195145.36
"369",2010-01-12 22:01:20,100838.19
"370",2010-01-12 22:01:30,127595.5375
"371",2010-01-12 22:01:40,18507.44
"372",2010-01-12 22:01:50,-68753.0225
"373",2010-01-12 22:02:00,171210.34
"374",2010-01-12 22:02:10,-132627.6125
"375",2010-01-12 22:02:20,-76124.66
"376",2010-01-12 22:02:30,-2485.98
"377",2010-01-12 22:02:40,89741.675
"378",2010-01-12 22:02:50,20.41
"379",2010-01-12 22:03:00,36645.9625
"380",2010-01-12 22:03:10,-118300.3225
"381",2010-01-12 22:03:20,79048.5525
"382",2010-01-12 22:03:30,-62237.18
"383",2010-01-12 22:03:40,67132.725
"384",2010-01-12 22:03:50,-124003.6725
"385",2010-01-12 22:04:00,23292.09
"386",2010-01-12 22:04:10,140136.665
"387",2010-01-12 22:04:20,-111273.64
"388",2010-01-12 22:04:30,54517.7175
"389",2010-01-12 22:04:40,-53768.7575
"390",2010-01-12 22:04:50,-218.9925
"391",2010-01-12 22:05:00,50501.5725
"392",2010-01-12 22:05:10,-169337.82
"393",2010-01-12 22:05:20,140395.9325
"394",2010-01-12 22:05:30,-15462.415
"395",2010-01-12 22:05:40,45521.615
"396",2010-01-12 22:05:50,-71725.2775
"397",2010-01-12 22:06:00,120593.965
"398",2010-01-12 22:06:10,-69988.5675
"399",2010-01-12 22:06:20,-158435.44
"400",2010-01-12 22:06:30,175738.6525
"401",2010-01-12 22:06:40,-149602.6625
"402",2010-01-12 22:06:50,100998.19
"403",2010-01-12 22:07:00,50474.74
"404",2010-01-12 22:07:10,-73713.2125
"405",2010-01-12 22:07:20,10183.59
"406",2010-01-12 22:07:30,-7969.9225
"407",2010-01-12 22:07:40,72089.6625
"408",2010-01-12 22:07:50,-13961.5425
"409",2010-01-12 22:08:00,24683.1575
"410",2010-01-12 22:08:10,-74194.7975
"411",2010-01-12 22:08:20,17391.045
"412",2010-01-12 22:08:30,-51922.9075
"413",2010-01-12 22:08:40,59463.0925
"414",2010-01-12 22:08:50,-10987.98
"415",2010-01-12 22:09:00,61702.65
"416",2010-01-12 22:09:10,-73661.695
"417",2010-01-12 22:09:20,37237.2525
"418",2010-01-12 22:09:30,26378.78
"419",2010-01-12 22:09:40,28798.8975
"420",2010-01-12 22:09:50,-64577.0625
"421",2010-01-12 22:10:00,20284.18
"422",2010-01-12 22:10:10,-2819.2075
"423",2010-01-12 22:10:20,25846.8275
"424",2010-01-12 22:10:30,-52081.855
"425",2010-01-12 22:10:40,33509.23
"426",2010-01-12 22:10:50,-52271.6575
"427",2010-01-12 22:11:00,60388.4775
"428",2010-01-12 22:11:10,-46784.25
"429",2010-01-12 22:11:20,16949.2075
"430",2010-01-12 22:11:30,51733.585
"431",2010-01-12 22:11:40,-31886.7275
"432",2010-01-12 22:11:50,16179.7875
"433",2010-01-12 22:12:00,27754.605
"434",2010-01-12 22:12:10,-42313.73
"435",2010-01-12 22:12:20,-36186.25
"436",2010-01-12 22:12:30,60540.37
"437",2010-01-12 22:12:40,-10114.58
"438",2010-01-12 22:12:50,44760.325
"439",2010-01-12 22:13:00,-61659.995
"440",2010-01-12 22:13:10,15238.9375
"441",2010-01-12 22:13:20,-51588.3825
"442",2010-01-12 22:13:30,30806.4
"443",2010-01-12 22:13:40,52273.615
"444",2010-01-12 22:13:50,-47378.34
"445",2010-01-12 22:14:00,16390.5625
"446",2010-01-12 22:14:10,-34748.1775
"447",2010-01-12 22:14:20,68555.1225
"448",2010-01-12 22:14:30,-47535.08
"449",2010-01-12 22:14:40,4121.35
"450",2010-01-12 22:14:50,5332.305
"451",2010-01-12 22:15:00,18770.2925
"452",2010-01-12 22:15:10,-13246.165
"453",2010-01-12 22:15:20,8506.6175
"454",2010-01-12 22:15:30,-19012.2325
"455",2010-01-12 22:15:40,36193.73
"456",2010-01-12 22:15:50,-21295.5275
"457",2010-01-12 22:16:00,23217.4775
"458",2010-01-12 22:16:10,-72618.7125
"459",2010-01-12 22:16:20,70122.2625
"460",2010-01-12 22:16:30,90.2825
"461",2010-01-12 22:16:40,8962.8225
"462",2010-01-12 22:16:50,-36743.0825
"463",2010-01-12 22:17:00,42922.66
"464",2010-01-12 22:17:10,-43677.24
"465",2010-01-12 22:17:20,33513.665
"466",2010-01-12 22:17:30,20089.1175
"467",2010-01-12 22:17:40,-25111.9475
"468",2010-01-12 22:17:50,-16064.785
"469",2010-01-12 22:18:00,13733.6225
"470",2010-01-12 22:18:10,11685.0075
"471",2010-01-12 22:18:20,4072.2675
"472",2010-01-12 22:18:30,-7333.34
"473",2010-01-12 22:18:40,-54570.705
"474",2010-01-12 22:18:50,62579.4475
"475",2010-01-12 22:19:00,-9541.74
"476",2010-01-12 22:19:10,3879.3725
"477",2010-01-12 22:19:20,681.085
"478",2010-01-12 22:19:30,-36828.3375
"479",2010-01-12 22:19:40,-2966.875
"480",2010-01-12 22:19:50,2977.17
"481",2010-01-12 22:20:00,51496.0075
"482",2010-01-12 22:20:10,-1350.8
"483",2010-01-12 22:20:20,-10243.525
"484",2010-01-12 22:20:30,2332.7775
"485",2010-01-12 22:20:40,-55525.3
"486",2010-01-12 22:20:50,62362.95
"487",2010-01-12 22:21:00,2740.2925
"488",2010-01-12 22:21:10,-14942.935
"489",2010-01-12 22:21:20,10304.4975
"490",2010-01-12 22:21:30,960.5975
"491",2010-01-12 22:21:40,10663.445
"492",2010-01-12 22:21:50,-18432.8575
"493",2010-01-12 22:22:00,11930.7375
"494",2010-01-12 22:22:10,31041.765
"495",2010-01-12 22:22:20,-34680.5525
"496",2010-01-12 22:22:30,-11585.6325
"497",2010-01-12 22:22:40,15540.705
"498",2010-01-12 22:22:50,10882.725
"499",2010-01-12 22:23:00,11280.0525
"500",2010-01-12 22:23:10,-13767.4675
"501",2010-01-12 22:23:20,12936.4525
"502",2010-01-12 22:23:30,7309.6375
"503",2010-01-12 22:23:40,-47525.1125
"504",2010-01-12 22:23:50,1692.255
"505",2010-01-12 22:24:00,51916.0975
"506",2010-01-12 22:24:10,-8500.77
"507",2010-01-12 22:24:20,-12278.1175
"508",2010-01-12 22:24:30,-9673.065
"509",2010-01-12 22:24:40,7456.385
"510",2010-01-12 22:24:50,17941.1425
"511",2010-01-12 22:25:00,-21149.1075
"512",2010-01-12 22:25:10,11841.905
"513",2010-01-12 22:25:20,-6640.47
"514",2010-01-12 22:25:30,22065.2525
"515",2010-01-12 22:25:40,15279.5575
"516",2010-01-12 22:25:50,-29291.2175
"517",2010-01-12 22:26:00,-11547.9975
"518",2010-01-12 22:26:10,17020.2775
"519",2010-01-12 22:26:20,15424.66
"520",2010-01-12 22:26:30,-23876.16
"521",2010-01-12 22:26:40,39403.75
"522",2010-01-12 22:26:50,-32457.575
"523",2010-01-12 22:27:00,12574.0225
"524",2010-01-12 22:27:10,25433.5675
"525",2010-01-12 22:27:20,-41437.4125
"526",2010-01-12 22:27:30,22680.535
"527",2010-01-12 22:27:40,-4581.7925
"528",2010-01-12 22:27:50,6457.9375
"529",2010-01-12 22:28:00,19035.9975
"530",2010-01-12 22:28:10,-29146.655
"531",2010-01-12 22:28:20,16368.105
"532",2010-01-12 22:28:30,-16022.455
"533",2010-01-12 22:28:40,11673.49
"534",2010-01-12 22:28:50,-3703.4875
"535",2010-01-12 22:29:00,352.2025
"536",2010-01-12 22:29:10,-7589.5425
"537",2010-01-12 22:29:20,2297.0075
"538",2010-01-12 22:29:30,-12791.5575
"539",2010-01-12 22:29:40,17239.95
"540",2010-01-12 22:29:50,3463.3475
"541",2010-01-12 22:30:00,26837.535
"542",2010-01-12 22:30:10,-27321.98
"543",2010-01-12 22:30:20,-10092.615
"544",2010-01-12 22:30:30,-13273.7825
"545",2010-01-12 22:30:40,19770.9325
"546",2010-01-12 22:30:50,-2656.0375
"547",2010-01-12 22:31:00,15262.61
"548",2010-01-12 22:31:10,17472.4575
"549",2010-01-12 22:31:20,2786.6975
"550",2010-01-12 22:31:30,-17943.6975
"551",2010-01-12 22:31:40,15440.7975
"552",2010-01-12 22:31:50,-15643.2875
"553",2010-01-12 22:32:00,-10287.25
"554",2010-01-12 22:32:10,6939.74
"555",2010-01-12 22:32:20,-3477.655
"556",2010-01-12 22:32:30,13109.355
"557",2010-01-12 22:32:40,-5244.71
"558",2010-01-12 22:32:50,11678.69
"559",2010-01-12 22:33:00,3696.4125
"560",2010-01-12 22:33:10,10184.89
"561",2010-01-12 22:33:20,-3484.0725
"562",2010-01-12 22:33:30,-4583.105
"563",2010-01-12 22:33:40,-2522.255
"564",2010-01-12 22:33:50,-16862.5875
"565",2010-01-12 22:34:00,4012.1125
"566",2010-01-12 22:34:10,10528.26
"567",2010-01-12 22:34:20,7274.0575
"568",2010-01-12 22:34:30,488.365
"569",2010-01-12 22:34:40,-8538.9775
"570",2010-01-12 22:34:50,18267.925
"571",2010-01-12 22:35:00,-17511.79
"572",2010-01-12 22:35:10,-7657.995
"573",2010-01-12 22:35:20,34342.81
"574",2010-01-12 22:35:30,-22181.385
"575",2010-01-12 22:35:40,11416.0875
"576",2010-01-12 22:35:50,9348.2325
"577",2010-01-12 22:36:00,-13739.045
"578",2010-01-12 22:36:10,7889.5
"579",2010-01-12 22:36:20,-2244.9675
"580",2010-01-12 22:36:30,-6065.5825
"581",2010-01-12 22:36:40,2020.095
"582",2010-01-12 22:36:50,16782.9625
"583",2010-01-12 22:37:00,-7995.7325
"584",2010-01-12 22:37:10,-814.9975
"585",2010-01-12 22:37:20,-9118.6325
"586",2010-01-12 22:37:30,14047.2525
"587",2010-01-12 22:37:40,-6926.9125
"588",2010-01-12 22:37:50,-64.485
"589",2010-01-12 22:38:00,16250.1525
"590",2010-01-12 22:38:10,-18735.7825
"591",2010-01-12 22:38:20,16186.3875
"592",2010-01-12 22:38:30,-10677.785
"593",2010-01-12 22:38:40,-4580.3125
"594",2010-01-12 22:38:50,-6381.785
"595",2010-01-12 22:39:00,11094.6025
"596",2010-01-12 22:39:10,-1442.355
"597",2010-01-12 22:39:20,-8317.13
"598",2010-01-12 22:39:30,21719.415
"599",2010-01-12 22:39:40,-9382.4225
"600",2010-01-12 22:39:50,5542.685
"601",2010-01-12 22:40:00,-6050.575
"602",2010-01-12 22:40:10,-1696.1
"603",2010-01-12 22:40:20,6919.4225
"604",2010-01-12 22:40:30,11417.675
"605",2010-01-12 22:40:40,-17916.01
"606",2010-01-12 22:40:50,20944.165
"607",2010-01-12 22:41:00,-22722.4525
"608",2010-01-12 22:41:10,17574.0025
"609",2010-01-12 22:41:20,-10174.8575
"610",2010-01-12 22:41:30,15966.6775
"611",2010-01-12 22:41:40,-4843.0875
"612",2010-01-12 22:41:50,13125.115
"613",2010-01-12 22:42:00,-4207.8275
"614",2010-01-12 22:42:10,1209.745
"615",2010-01-12 22:42:20,-8928.555
"616",2010-01-12 22:42:30,420.0625
"617",2010-01-12 22:42:40,5114.295
"618",2010-01-12 22:42:50,2492.965
"619",2010-01-12 22:43:00,2273.415
"620",2010-01-12 22:43:10,-9725.4525
"621",2010-01-12 22:43:20,13286.28
"622",2010-01-12 22:43:30,-11608.33
"623",2010-01-12 22:43:40,-5566.1675
"624",2010-01-12 22:43:50,6030.425
"625",2010-01-12 22:44:00,26988.725
"626",2010-01-12 22:44:10,-24608.415
"627",2010-01-12 22:44:20,6857.35
"628",2010-01-12 22:44:30,9618.37
"629",2010-01-12 22:44:40,1582.63
"630",2010-01-12 22:44:50,-14629.7325
"631",2010-01-12 22:45:00,19952.915
"632",2010-01-12 22:45:10,-5138.815
"633",2010-01-12 22:45:20,-6344.375
"634",2010-01-12 22:45:30,19585.2075
"635",2010-01-12 22:45:40,693.1
"636",2010-01-12 22:45:50,-10801.5075
"637",2010-01-12 22:46:00,-6588.6725
"638",2010-01-12 22:46:10,2437.8
"639",2010-01-12 22:46:20,137.125
"640",2010-01-12 22:46:30,-17488.565
"641",2010-01-12 22:46:40,23950.6875
"642",2010-01-12 22:46:50,7530.78
"643",2010-01-12 22:47:00,-6499.7375
"644",2010-01-12 22:47:10,-8350.465
"645",2010-01-12 22:47:20,19632.355
"646",2010-01-12 22:47:30,-11190.84
"647",2010-01-12 22:47:40,15241.555
"648",2010-01-12 22:47:50,-6650.915
"649",2010-01-12 22:48:00,-265.27
"650",2010-01-12 22:48:10,-4315.59
"651",2010-01-12 22:48:20,3445.17
"652",2010-01-12 22:48:30,4332.0525
"653",2010-01-12 22:48:40,-16902.2775
"654",2010-01-12 22:48:50,-1599.755
"655",2010-01-12 22:49:00,11507.885
"656",2010-01-12 22:49:10,5206.2775
"657",2010-01-12 22:49:20,3146.3425
"658",2010-01-12 22:49:30,-5599.36
"659",2010-01-12 22:49:40,-985.885
"660",2010-01-12 22:49:50,5978.43
"661",2010-01-12 22:50:00,-1313.22
"662",2010-01-12 22:50:10,3128.2725
"663",2010-01-12 22:50:20,-2517.555
"664",2010-01-12 22:50:30,1351.2525
"665",2010-01-12 22:50:40,-3320.9075
"666",2010-01-12 22:50:50,7847.23
"667",2010-01-12 22:51:00,-425.555
"668",2010-01-12 22:51:10,4292.5075
"669",2010-01-12 22:51:20,-8386.5325
"670",2010-01-12 22:51:30,4035.6875
"671",2010-01-12 22:51:40,-4236.27
"672",2010-01-12 22:51:50,359.1825
"673",2010-01-12 22:52:00,4942.405
"674",2010-01-12 22:52:10,-7093.3425
"675",2010-01-12 22:52:20,13103.0475
"676",2010-01-12 22:52:30,4550.3375
"677",2010-01-12 22:52:40,-258.71
"678",2010-01-12 22:52:50,4529.8475
"679",2010-01-12 22:53:00,-7579.2825
"680",2010-01-12 22:53:10,3997.9525
"681",2010-01-12 22:53:20,-7100.2925
"682",2010-01-12 22:53:30,413.1525
"683",2010-01-12 22:53:40,4096.6175
"684",2010-01-12 22:53:50,5380.625
"685",2010-01-12 22:54:00,471.79
"686",2010-01-12 22:54:10,6465.345
"687",2010-01-12 22:54:20,-1706.0425
"688",2010-01-12 22:54:30,-1246.9675
"689",2010-01-12 22:54:40,-2358.4125
"690",2010-01-12 22:54:50,1335.95
"691",2010-01-12 22:55:00,-385.1775
"692",2010-01-12 22:55:10,-504.2175
"693",2010-01-12 22:55:20,10149.0725
"694",2010-01-12 22:55:30,-1972.5325
"695",2010-01-12 22:55:40,-1367.615
"696",2010-01-12 22:55:50,-809.915
"697",2010-01-12 22:56:00,-2136.66
"698",2010-01-12 22:56:10,1827.675
"699",2010-01-12 22:56:20,-6375.9575
"700",2010-01-12 22:56:30,2702.6975
"701",2010-01-12 22:56:40,17001.9625
"702",2010-01-12 22:56:50,-6456.98
"703",2010-01-12 22:57:00,-6580.815
"704",2010-01-12 22:57:10,2874.5275
"705",2010-01-12 22:57:20,7355.0525
"706",2010-01-12 22:57:30,-5662.2675
"707",2010-01-12 22:57:40,-6986.5375
"708",2010-01-12 22:57:50,177.585
"709",2010-01-12 22:58:00,21359.095
"710",2010-01-12 22:58:10,-6396.3225
"711",2010-01-12 22:58:20,-6898.4475
"712",2010-01-12 22:58:30,937.71
"713",2010-01-12 22:58:40,6276.3275
"714",2010-01-12 22:58:50,-7033.05
"715",2010-01-12 22:59:00,2801.225
"716",2010-01-12 22:59:10,-988.6075
"717",2010-01-12 22:59:20,-406.545
"718",2010-01-12 22:59:30,9327.2925
"719",2010-01-12 22:59:40,-7343.1375
"720",2010-01-12 22:59:50,4586.2225
"721",2010-01-12 23:00:00,4557.065
"722",2010-01-12 23:00:10,-1074.055
"723",2010-01-12 23:00:20,-2021.675
"724",2010-01-12 23:00:30,6315.735
"725",2010-01-12 23:00:40,-3144.3275
"726",2010-01-12 23:00:50,-5898.82
"727",2010-01-12 23:01:00,-4365.975
"728",2010-01-12 23:01:10,13556.8475
"729",2010-01-12 23:01:20,1238.865
"730",2010-01-12 23:01:30,3278.585
"731",2010-01-12 23:01:40,-7223.7775
"732",2010-01-12 23:01:50,-588.275
"733",2010-01-12 23:02:00,4703.805
"734",2010-01-12 23:02:10,9076.865
"735",2010-01-12 23:02:20,-9195.0725
"736",2010-01-12 23:02:30,5613.9925
"737",2010-01-12 23:02:40,8644.7825
"738",2010-01-12 23:02:50,-9016.81
"739",2010-01-12 23:03:00,435.1775
"740",2010-01-12 23:03:10,-3627.5525
"741",2010-01-12 23:03:20,6073.93
"742",2010-01-12 23:03:30,7278.2025
"743",2010-01-12 23:03:40,-7646.8875
"744",2010-01-12 23:03:50,-4146.7675
"745",2010-01-12 23:04:00,4106.4725
"746",2010-01-12 23:04:10,1680.265
"747",2010-01-12 23:04:20,-465.6075
"748",2010-01-12 23:04:30,6259.95
"749",2010-01-12 23:04:40,-5928.93
"750",2010-01-12 23:04:50,7527.6925
"751",2010-01-12 23:05:00,3369.385
"752",2010-01-12 23:05:10,-16448.6125
"753",2010-01-12 23:05:20,1687.58
"754",2010-01-12 23:05:30,12016.83
"755",2010-01-12 23:05:40,-5620.9375
"756",2010-01-12 23:05:50,2529.4875
"757",2010-01-12 23:06:00,-2160.6075
"758",2010-01-12 23:06:10,6833.8475
"759",2010-01-12 23:06:20,3405.63
"760",2010-01-12 23:06:30,-6607.1625
"761",2010-01-12 23:06:40,-6500.55
"762",2010-01-12 23:06:50,7417.4825
"763",2010-01-12 23:07:00,5275.51
"764",2010-01-12 23:07:10,2686.0825
"765",2010-01-12 23:07:20,886.96
"766",2010-01-12 23:07:30,-1415.9425
"767",2010-01-12 23:07:40,-1698.365
"768",2010-01-12 23:07:50,1721.8
"769",2010-01-12 23:08:00,-5688.195
"770",2010-01-12 23:08:10,5401.21
"771",2010-01-12 23:08:20,-3999.7475
"772",2010-01-12 23:08:30,4799.265
"773",2010-01-12 23:08:40,-1573.465
"774",2010-01-12 23:08:50,-1743.6425
"775",2010-01-12 23:09:00,10175.645
"776",2010-01-12 23:09:10,576.15
"777",2010-01-12 23:09:20,-2143.325
"778",2010-01-12 23:09:30,850.185
"779",2010-01-12 23:09:40,3758.475
"780",2010-01-12 23:09:50,-4882.33
"781",2010-01-12 23:10:00,-1083.9425
"782",2010-01-12 23:10:10,-3273.11
"783",2010-01-12 23:10:20,6694.2675
"784",2010-01-12 23:10:30,-2314.7
"785",2010-01-12 23:10:40,6839.215
"786",2010-01-12 23:10:50,-3071.1075
"787",2010-01-12 23:11:00,-821.2925
"788",2010-01-12 23:11:10,3373.465
"789",2010-01-12 23:11:20,-799.5075
"790",2010-01-12 23:11:30,1646.0875
"791",2010-01-12 23:11:40,-3326.9075
"792",2010-01-12 23:11:50,2075.4725
"793",2010-01-12 23:12:00,-1661.6625
"794",2010-01-12 23:12:10,1674.0075
"795",2010-01-12 23:12:20,-2635.53
"796",2010-01-12 23:12:30,1120
"797",2010-01-12 23:12:40,4144.07
"798",2010-01-12 23:12:50,-64.4475
"799",2010-01-12 23:13:00,10126.3975
"800",2010-01-12 23:13:10,-14818.3025
"801",2010-01-12 23:13:20,6794.0975
"802",2010-01-12 23:13:30,5134.555
"803",2010-01-12 23:13:40,-4098.9925
"804",2010-01-12 23:13:50,1373.88
"805",2010-01-12 23:14:00,3958.0375
"806",2010-01-12 23:14:10,-7292.4375
"807",2010-01-12 23:14:20,2280.48
"808",2010-01-12 23:14:30,7236.2025
"809",2010-01-12 23:14:40,-3117.4675
"810",2010-01-12 23:14:50,385.6625
"811",2010-01-12 23:15:00,1277.7475
"812",2010-01-12 23:15:10,1363.4025
"813",2010-01-12 23:15:20,-4640.365
"814",2010-01-12 23:15:30,4479.9
"815",2010-01-12 23:15:40,-4224.925
"816",2010-01-12 23:15:50,1973.12
"817",2010-01-12 23:16:00,5358.155
"818",2010-01-12 23:16:10,2015.405
"819",2010-01-12 23:16:20,2011.6075
"820",2010-01-12 23:16:30,-1572.74
"821",2010-01-12 23:16:40,-3048.64
"822",2010-01-12 23:16:50,-2690.14
"823",2010-01-12 23:17:00,8009.25
"824",2010-01-12 23:17:10,-2605.825
"825",2010-01-12 23:17:20,3877.92
"826",2010-01-12 23:17:30,-3058.9675
"827",2010-01-12 23:17:40,3480.475
"828",2010-01-12 23:17:50,-3181.9725
"829",2010-01-12 23:18:00,4700.315
"830",2010-01-12 23:18:10,-688.745
"831",2010-01-12 23:18:20,-414.6775
"832",2010-01-12 23:18:30,3145.14
"833",2010-01-12 23:18:40,-3210.2875
"834",2010-01-12 23:18:50,2456.0375
"835",2010-01-12 23:19:00,-2717.2325
"836",2010-01-12 23:19:10,9523.3625
"837",2010-01-12 23:19:20,-4782.59
"838",2010-01-12 23:19:30,277.63
"839",2010-01-12 23:19:40,2190.28
"840",2010-01-12 23:19:50,-1895.6125
"841",2010-01-12 23:20:00,1036.6575
"842",2010-01-12 23:20:10,484.985
"843",2010-01-12 23:20:20,2184.71
"844",2010-01-12 23:20:30,-2138.105
"845",2010-01-12 23:20:40,5553.0975
"846",2010-01-12 23:20:50,-2263.5975
"847",2010-01-12 23:21:00,2020.655
"848",2010-01-12 23:21:10,305.3
"849",2010-01-12 23:21:20,-512.81
"850",2010-01-12 23:21:30,-1511.35
"851",2010-01-12 23:21:40,1292.1875
"852",2010-01-12 23:21:50,2035.7625
"853",2010-01-12 23:22:00,511.37
"854",2010-01-12 23:22:10,-2807.9475
"855",2010-01-12 23:22:20,2921.39
"856",2010-01-12 23:22:30,2286.8125
"857",2010-01-12 23:22:40,5482.8925
"858",2010-01-12 23:22:50,-5438.97
"859",2010-01-12 23:23:00,2132.1175
"860",2010-01-12 23:23:10,-3807.3475
"861",2010-01-12 23:23:20,1992.4775
"862",2010-01-12 23:23:30,-2275.6175
"863",2010-01-12 23:23:40,1779.255
"864",2010-01-12 23:23:50,1597.065
"865",2010-01-12 23:24:00,1322.1325
"866",2010-01-12 23:24:10,3122.9725
"867",2010-01-12 23:24:20,-7602.6725
"868",2010-01-12 23:24:30,5544.785
"869",2010-01-12 23:24:40,-742.4025
"870",2010-01-12 23:24:50,4559.8925
"871",2010-01-12 23:25:00,3977.11
"872",2010-01-12 23:25:10,-4353.6825
"873",2010-01-12 23:25:20,-811.635
"874",2010-01-12 23:25:30,-1791.28
"875",2010-01-12 23:25:40,471.4375
"876",2010-01-12 23:25:50,2366.795
"877",2010-01-12 23:26:00,6792.01
"878",2010-01-12 23:26:10,-3793.9375
"879",2010-01-12 23:26:20,638.5775
"880",2010-01-12 23:26:30,-4181.5025
"881",2010-01-12 23:26:40,1203.31
"882",2010-01-12 23:26:50,6021.7575
"883",2010-01-12 23:27:00,2639.215
"884",2010-01-12 23:27:10,-3372.3
"885",2010-01-12 23:27:20,981.6025
"886",2010-01-12 23:27:30,-1138.4175
"887",2010-01-12 23:27:40,1731.97
"888",2010-01-12 23:27:50,1045.05
"889",2010-01-12 23:28:00,215.375
"890",2010-01-12 23:28:10,-2828.0925
"891",2010-01-12 23:28:20,5729.615
"892",2010-01-12 23:28:30,1958.6525
"893",2010-01-12 23:28:40,724.245
"894",2010-01-12 23:28:50,-7206.0625
"895",2010-01-12 23:29:00,3541.54
"896",2010-01-12 23:29:10,-2459.78
"897",2010-01-12 23:29:20,642.7875
"898",2010-01-12 23:29:30,4495.1675
"899",2010-01-12 23:29:40,872.6625
"900",2010-01-12 23:29:50,3743.69
"901",2010-01-12 23:30:00,-215.975
"902",2010-01-12 23:30:10,-2405.8025
"903",2010-01-12 23:30:20,5547.18
"904",2010-01-12 23:30:30,-4492.0775
"905",2010-01-12 23:30:40,351.8
"906",2010-01-12 23:30:50,2549.0575
"907",2010-01-12 23:31:00,2789.35
"908",2010-01-12 23:31:10,-3446.465
"909",2010-01-12 23:31:20,1024.2225
"910",2010-01-12 23:31:30,162.565
"911",2010-01-12 23:31:40,-2415.075
"912",2010-01-12 23:31:50,5496.94
"913",2010-01-12 23:32:00,-2881.1325
"914",2010-01-12 23:32:10,3513.9325
"915",2010-01-12 23:32:20,-1405.805
"916",2010-01-12 23:32:30,-1453.055
"917",2010-01-12 23:32:40,2668.2125
"918",2010-01-12 23:32:50,969.3925
"919",2010-01-12 23:33:00,8463.6225
"920",2010-01-12 23:33:10,-4520.1275
"921",2010-01-12 23:33:20,-4862.8425
"922",2010-01-12 23:33:30,-2046.925
"923",2010-01-12 23:33:40,3428.8775
"924",2010-01-12 23:33:50,3689.0275
"925",2010-01-12 23:34:00,-2764.2525
"926",2010-01-12 23:34:10,2694.925
"927",2010-01-12 23:34:20,-150.2475
"928",2010-01-12 23:34:30,6942.39
"929",2010-01-12 23:34:40,-324.15
"930",2010-01-12 23:34:50,-5140.4575
"931",2010-01-12 23:35:00,-1212.27
"932",2010-01-12 23:35:10,3069.335
"933",2010-01-12 23:35:20,-2960.8925
"934",2010-01-12 23:35:30,-696.41
"935",2010-01-12 23:35:40,4704.0825
"936",2010-01-12 23:35:50,1153.125
"937",2010-01-12 23:36:00,2543.815
"938",2010-01-12 23:36:10,-555.055
"939",2010-01-12 23:36:20,1179.02
"940",2010-01-12 23:36:30,3397.825
"941",2010-01-12 23:36:40,-2353.8575
"942",2010-01-12 23:36:50,-941.6925
"943",2010-01-12 23:37:00,-283.435
"944",2010-01-12 23:37:10,6131.5625
"945",2010-01-12 23:37:20,-5185.655
"946",2010-01-12 23:37:30,2573.73
"947",2010-01-12 23:37:40,-1029.355
"948",2010-01-12 23:37:50,-878.405
"949",2010-01-12 23:38:00,-1256.8175
"950",2010-01-12 23:38:10,-517.4275
"951",2010-01-12 23:38:20,4499.3175
"952",2010-01-12 23:38:30,4802.5025
"953",2010-01-12 23:38:40,-1333.6825
"954",2010-01-12 23:38:50,1929.2175
"955",2010-01-12 23:39:00,-721.185
"956",2010-01-12 23:39:10,-2345.805
"957",2010-01-12 23:39:20,-817.9
"958",2010-01-12 23:39:30,-148.5125
"959",2010-01-12 23:39:40,1067.3475
"960",2010-01-12 23:39:50,-410.2075
"961",2010-01-12 23:40:00,4934.27
"962",2010-01-12 23:40:10,3142.8525
"963",2010-01-12 23:40:20,2112.985
"964",2010-01-12 23:40:30,-3483.3425
"965",2010-01-12 23:40:40,-3589.7625
"966",2010-01-12 23:40:50,-1135.145
"967",2010-01-12 23:41:00,1132.34
"968",2010-01-12 23:41:10,5366.06
"969",2010-01-12 23:41:20,1187.8575
"970",2010-01-12 23:41:30,-1106.13
"971",2010-01-12 23:41:40,-1614.4525
"972",2010-01-12 23:41:50,1409.1
"973",2010-01-12 23:42:00,2939.685
"974",2010-01-12 23:42:10,927.53
"975",2010-01-12 23:42:20,-1254.2725
"976",2010-01-12 23:42:30,27.7475
"977",2010-01-12 23:42:40,501.53
"978",2010-01-12 23:42:50,-408.3525
"979",2010-01-12 23:43:00,-1493.9825
"980",2010-01-12 23:43:10,155.3125
"981",2010-01-12 23:43:20,-1130.1075
"982",2010-01-12 23:43:30,794.2925
"983",2010-01-12 23:43:40,11516.4125
"984",2010-01-12 23:43:50,3016.445
"985",2010-01-12 23:44:00,-2240.8875
"986",2010-01-12 23:44:10,-1759.7425
"987",2010-01-12 23:44:20,-2930.115
"988",2010-01-12 23:44:30,-1050.07
"989",2010-01-12 23:44:40,-2598.54
"990",2010-01-12 23:44:50,790.1325
"991",2010-01-12 23:45:00,6475.1625
"992",2010-01-12 23:45:10,555.875
"993",2010-01-12 23:45:20,-131.5875
"994",2010-01-12 23:45:30,563.1875
"995",2010-01-12 23:45:40,691.6525
"996",2010-01-12 23:45:50,-124.23
"997",2010-01-12 23:46:00,-2009.0175
"998",2010-01-12 23:46:10,221.29
"999",2010-01-12 23:46:20,1963.3575
"1000",2010-01-12 23:46:30,679.4175
"1001",2010-01-12 23:46:40,3417.6075
"1002",2010-01-12 23:46:50,-3608.78
"1003",2010-01-12 23:47:00,3743.315
"1004",2010-01-12 23:47:10,-1119.57
"1005",2010-01-12 23:47:20,234.8775
"1006",2010-01-12 23:47:30,-282.015
"1007",2010-01-12 23:47:40,-857.03
"1008",2010-01-12 23:47:50,1577.4425
"1009",2010-01-12 23:48:00,3183.0375
"1010",2010-01-12 23:48:10,1675.7175
"1011",2010-01-12 23:48:20,86.9125
"1012",2010-01-12 23:48:30,-1877.93
"1013",2010-01-12 23:48:40,1106.275
"1014",2010-01-12 23:48:50,3689.385
"1015",2010-01-12 23:49:00,-1810.2325
"1016",2010-01-12 23:49:10,-3537.29
"1017",2010-01-12 23:49:20,1307.5875
"1018",2010-01-12 23:49:30,-1544.935
"1019",2010-01-12 23:49:40,2316.33
"1020",2010-01-12 23:49:50,5118.0625
"1021",2010-01-12 23:50:00,1063.8375
"1022",2010-01-12 23:50:10,1001.4025
"1023",2010-01-12 23:50:20,-4015.565
"1024",2010-01-12 23:50:30,2404.9
"1025",2010-01-12 23:50:40,2186.87
"1026",2010-01-12 23:50:50,-3077.295
"1027",2010-01-12 23:51:00,-2219.8175
"1028",2010-01-12 23:51:10,2044.615
"1029",2010-01-12 23:51:20,4110.6475
"1030",2010-01-12 23:51:30,-5644.29
"1031",2010-01-12 23:51:40,4405.705
"1032",2010-01-12 23:51:50,1529.91
"1033",2010-01-12 23:52:00,1055.685
"1034",2010-01-12 23:52:10,2344.325
"1035",2010-01-12 23:52:20,105.3925
"1036",2010-01-12 23:52:30,771.045
"1037",2010-01-12 23:52:40,-1521.455
"1038",2010-01-12 23:52:50,-571.73
"1039",2010-01-12 23:53:00,-2687.17
"1040",2010-01-12 23:53:10,3186.9875
"1041",2010-01-12 23:53:20,2262.35
"1042",2010-01-12 23:53:30,-275.1325
"1043",2010-01-12 23:53:40,4409.695
"1044",2010-01-12 23:53:50,-152.61
"1045",2010-01-12 23:54:00,2287.615
"1046",2010-01-12 23:54:10,-2143.4475
"1047",2010-01-12 23:54:20,-3342.4675
"1048",2010-01-12 23:54:30,883.9925
"1049",2010-01-12 23:54:40,-444.61
"1050",2010-01-12 23:54:50,1600.3325
"1051",2010-01-12 23:55:00,3635.0475
"1052",2010-01-12 23:55:10,1667.095
"1053",2010-01-12 23:55:20,-228.4525
"1054",2010-01-12 23:55:30,-69.8875
"1055",2010-01-12 23:55:40,-1016.3875
"1056",2010-01-12 23:55:50,1752.665
"1057",2010-01-12 23:56:00,-1413.3825
"1058",2010-01-12 23:56:10,569.105
"1059",2010-01-12 23:56:20,1260.2325
"1060",2010-01-12 23:56:30,357.53
"1061",2010-01-12 23:56:40,2948.9025
"1062",2010-01-12 23:56:50,-2653.6125
"1063",2010-01-12 23:57:00,2467.2175
"1064",2010-01-12 23:57:10,-1889.5375
"1065",2010-01-12 23:57:20,1162.715
"1066",2010-01-12 23:57:30,-57.1025
"1067",2010-01-12 23:57:40,1092.61
"1068",2010-01-12 23:57:50,1241.1775
"1069",2010-01-12 23:58:00,117.8825
"1070",2010-01-12 23:58:10,-561.5375
"1071",2010-01-12 23:58:20,2055.255
"1072",2010-01-12 23:58:30,-138.3425
"1073",2010-01-12 23:58:40,1668.8675
"1074",2010-01-12 23:58:50,-456.5375
"1075",2010-01-12 23:59:00,866.7825
"1076",2010-01-12 23:59:10,-73.5875
"1077",2010-01-12 23:59:20,1893.6425
"1078",2010-01-12 23:59:30,-2447.7025
"1079",2010-01-12 23:59:40,2678.14
"1080",2010-01-12 23:59:50,112.329639889197
