"","DateTime","IU.BBSR.10.BHZ.M"
"1",2010-01-12 21:00:00,4075.4275
"2",2010-01-12 21:00:10,3176.395
"3",2010-01-12 21:00:20,5360.425
"4",2010-01-12 21:00:30,8139.20698254364
"5",2010-01-12 21:00:40,-337.055
"6",2010-01-12 21:00:50,5691.1
"7",2010-01-12 21:01:00,5156.245
"8",2010-01-12 21:01:10,3983.2475
"9",2010-01-12 21:01:20,4139.0675
"10",2010-01-12 21:01:30,2771.715
"11",2010-01-12 21:01:40,6520.27
"12",2010-01-12 21:01:50,2109.115
"13",2010-01-12 21:02:00,3556.16
"14",2010-01-12 21:02:10,4433.875
"15",2010-01-12 21:02:20,2713.8925
"16",2010-01-12 21:02:30,7207.93
"17",2010-01-12 21:02:40,3853.9875
"18",2010-01-12 21:02:50,3858.255
"19",2010-01-12 21:03:00,5679.34
"20",2010-01-12 21:03:10,3719.6925
"21",2010-01-12 21:03:20,2152.6275
"22",2010-01-12 21:03:30,9436.2075
"23",2010-01-12 21:03:40,-3023.2925
"24",2010-01-12 21:03:50,8158.655
"25",2010-01-12 21:04:00,1214.5
"26",2010-01-12 21:04:10,5146.965
"27",2010-01-12 21:04:20,5023.7
"28",2010-01-12 21:04:30,3551.2425
"29",2010-01-12 21:04:40,7534.7175
"30",2010-01-12 21:04:50,1833.635
"31",2010-01-12 21:05:00,3350.285
"32",2010-01-12 21:05:10,4735.795
"33",2010-01-12 21:05:20,4897
"34",2010-01-12 21:05:30,3200.665
"35",2010-01-12 21:05:40,2475.225
"36",2010-01-12 21:05:50,7303.97
"37",2010-01-12 21:06:00,7388.1575
"38",2010-01-12 21:06:10,1438.5625
"39",2010-01-12 21:06:20,6911.0925
"40",2010-01-12 21:06:30,1296.0275
"41",2010-01-12 21:06:40,1861.1275
"42",2010-01-12 21:06:50,8629.115
"43",2010-01-12 21:07:00,2790.1425
"44",2010-01-12 21:07:10,2324.965
"45",2010-01-12 21:07:20,6046.395
"46",2010-01-12 21:07:30,5177.8325
"47",2010-01-12 21:07:40,6838.05
"48",2010-01-12 21:07:50,2455.3375
"49",2010-01-12 21:08:00,2004.7675
"50",2010-01-12 21:08:10,5762.7275
"51",2010-01-12 21:08:20,4514.26
"52",2010-01-12 21:08:30,2399.07
"53",2010-01-12 21:08:40,6986.04
"54",2010-01-12 21:08:50,2603.4875
"55",2010-01-12 21:09:00,1927.715
"56",2010-01-12 21:09:10,5845.4325
"57",2010-01-12 21:09:20,3430.2525
"58",2010-01-12 21:09:30,4432.94
"59",2010-01-12 21:09:40,3902.0775
"60",2010-01-12 21:09:50,4992.7375
"61",2010-01-12 21:10:00,1477.1225
"62",2010-01-12 21:10:10,5067.68
"63",2010-01-12 21:10:20,7657.8275
"64",2010-01-12 21:10:30,-333.16
"65",2010-01-12 21:10:40,7233.81
"66",2010-01-12 21:10:50,2972.37
"67",2010-01-12 21:11:00,4478.095
"68",2010-01-12 21:11:10,4782.385
"69",2010-01-12 21:11:20,1978.8175
"70",2010-01-12 21:11:30,1798.5925
"71",2010-01-12 21:11:40,4984.08
"72",2010-01-12 21:11:50,6253.885
"73",2010-01-12 21:12:00,3421.57
"74",2010-01-12 21:12:10,4000.0675
"75",2010-01-12 21:12:20,6218.4775
"76",2010-01-12 21:12:30,4649.945
"77",2010-01-12 21:12:40,2690.065
"78",2010-01-12 21:12:50,4916.385
"79",2010-01-12 21:13:00,3647.835
"80",2010-01-12 21:13:10,3589.3825
"81",2010-01-12 21:13:20,4410.3575
"82",2010-01-12 21:13:30,-1046.7625
"83",2010-01-12 21:13:40,9916.41
"84",2010-01-12 21:13:50,482.09
"85",2010-01-12 21:14:00,4371.6925
"86",2010-01-12 21:14:10,4266.9925
"87",2010-01-12 21:14:20,4623.265
"88",2010-01-12 21:14:30,3733.08
"89",2010-01-12 21:14:40,7069.0725
"90",2010-01-12 21:14:50,1260.555
"91",2010-01-12 21:15:00,4754.38
"92",2010-01-12 21:15:10,7051.5975
"93",2010-01-12 21:15:20,2544.465
"94",2010-01-12 21:15:30,3407.7125
"95",2010-01-12 21:15:40,1092.9575
"96",2010-01-12 21:15:50,5069.2225
"97",2010-01-12 21:16:00,1697.4825
"98",2010-01-12 21:16:10,4328.8
"99",2010-01-12 21:16:20,4703.375
"100",2010-01-12 21:16:30,2955.8225
"101",2010-01-12 21:16:40,5413.79
"102",2010-01-12 21:16:50,3401.8475
"103",2010-01-12 21:17:00,1757.975
"104",2010-01-12 21:17:10,9732.6475
"105",2010-01-12 21:17:20,2090.43
"106",2010-01-12 21:17:30,4179.96
"107",2010-01-12 21:17:40,1407.4325
"108",2010-01-12 21:17:50,5322.2225
"109",2010-01-12 21:18:00,2658.535
"110",2010-01-12 21:18:10,6581.515
"111",2010-01-12 21:18:20,1997.59
"112",2010-01-12 21:18:30,3613.2625
"113",2010-01-12 21:18:40,4490.415
"114",2010-01-12 21:18:50,4683.6275
"115",2010-01-12 21:19:00,4331.32
"116",2010-01-12 21:19:10,3539.8175
"117",2010-01-12 21:19:20,4823.8425
"118",2010-01-12 21:19:30,2288.605
"119",2010-01-12 21:19:40,5114.8875
"120",2010-01-12 21:19:50,6184.77
"121",2010-01-12 21:20:00,3402.1775
"122",2010-01-12 21:20:10,6979.1275
"123",2010-01-12 21:20:20,2820.465
"124",2010-01-12 21:20:30,1212.065
"125",2010-01-12 21:20:40,9242.23
"126",2010-01-12 21:20:50,1378.895
"127",2010-01-12 21:21:00,4104.64
"128",2010-01-12 21:21:10,5285.4575
"129",2010-01-12 21:21:20,2731.5525
"130",2010-01-12 21:21:30,3823.5225
"131",2010-01-12 21:21:40,4115.93
"132",2010-01-12 21:21:50,7334.5525
"133",2010-01-12 21:22:00,2671.6175
"134",2010-01-12 21:22:10,5535.885
"135",2010-01-12 21:22:20,1275.125
"136",2010-01-12 21:22:30,3580.0675
"137",2010-01-12 21:22:40,6093.6
"138",2010-01-12 21:22:50,3303.5475
"139",2010-01-12 21:23:00,6727.43
"140",2010-01-12 21:23:10,2390.6675
"141",2010-01-12 21:23:20,822.4825
"142",2010-01-12 21:23:30,5414.51
"143",2010-01-12 21:23:40,5100.1325
"144",2010-01-12 21:23:50,4606.97
"145",2010-01-12 21:24:00,1328.655
"146",2010-01-12 21:24:10,7518.9125
"147",2010-01-12 21:24:20,2190.315
"148",2010-01-12 21:24:30,5812.6325
"149",2010-01-12 21:24:40,449.37
"150",2010-01-12 21:24:50,7089.785
"151",2010-01-12 21:25:00,-734.9675
"152",2010-01-12 21:25:10,4670.4675
"153",2010-01-12 21:25:20,3991.5425
"154",2010-01-12 21:25:30,7799.8925
"155",2010-01-12 21:25:40,2981.91
"156",2010-01-12 21:25:50,1145.9875
"157",2010-01-12 21:26:00,3748.7
"158",2010-01-12 21:26:10,4066.0425
"159",2010-01-12 21:26:20,8607.93
"160",2010-01-12 21:26:30,78.195
"161",2010-01-12 21:26:40,3744.59
"162",2010-01-12 21:26:50,4046.4225
"163",2010-01-12 21:27:00,4898.34
"164",2010-01-12 21:27:10,4019.695
"165",2010-01-12 21:27:20,3999.4375
"166",2010-01-12 21:27:30,5719.2925
"167",2010-01-12 21:27:40,1262.28
"168",2010-01-12 21:27:50,6471.2675
"169",2010-01-12 21:28:00,1150.105
"170",2010-01-12 21:28:10,6572.86
"171",2010-01-12 21:28:20,2982.5725
"172",2010-01-12 21:28:30,2287.9625
"173",2010-01-12 21:28:40,4073.7675
"174",2010-01-12 21:28:50,4334.8125
"175",2010-01-12 21:29:00,3126.9675
"176",2010-01-12 21:29:10,3147.285
"177",2010-01-12 21:29:20,5353.93
"178",2010-01-12 21:29:30,3281.1425
"179",2010-01-12 21:29:40,7784.0125
"180",2010-01-12 21:29:50,-3163.375
"181",2010-01-12 21:30:00,3471.0225
"182",2010-01-12 21:30:10,4168.765
"183",2010-01-12 21:30:20,3961.15
"184",2010-01-12 21:30:30,2217.5875
"185",2010-01-12 21:30:40,6966.6125
"186",2010-01-12 21:30:50,-1044.3575
"187",2010-01-12 21:31:00,4425.7875
"188",2010-01-12 21:31:10,5938.73
"189",2010-01-12 21:31:20,3248.8275
"190",2010-01-12 21:31:30,4760.04
"191",2010-01-12 21:31:40,615.845
"192",2010-01-12 21:31:50,6914.8025
"193",2010-01-12 21:32:00,2703.085
"194",2010-01-12 21:32:10,6314.88
"195",2010-01-12 21:32:20,3512.93
"196",2010-01-12 21:32:30,6001.665
"197",2010-01-12 21:32:40,2275.16
"198",2010-01-12 21:32:50,4444.05
"199",2010-01-12 21:33:00,2950.405
"200",2010-01-12 21:33:10,2918.56
"201",2010-01-12 21:33:20,3761.565
"202",2010-01-12 21:33:30,4369.9525
"203",2010-01-12 21:33:40,3063.6175
"204",2010-01-12 21:33:50,7435.655
"205",2010-01-12 21:34:00,-900.73
"206",2010-01-12 21:34:10,4324.1625
"207",2010-01-12 21:34:20,5910.3825
"208",2010-01-12 21:34:30,703.9175
"209",2010-01-12 21:34:40,2948.62
"210",2010-01-12 21:34:50,5083.565
"211",2010-01-12 21:35:00,6039.6075
"212",2010-01-12 21:35:10,3923.96
"213",2010-01-12 21:35:20,-648.83
"214",2010-01-12 21:35:30,8056.2225
"215",2010-01-12 21:35:40,5348.755
"216",2010-01-12 21:35:50,1577.2225
"217",2010-01-12 21:36:00,6314.0325
"218",2010-01-12 21:36:10,919.3175
"219",2010-01-12 21:36:20,2929.32
"220",2010-01-12 21:36:30,8039.1375
"221",2010-01-12 21:36:40,2472.385
"222",2010-01-12 21:36:50,5225.88
"223",2010-01-12 21:37:00,142.8225
"224",2010-01-12 21:37:10,3998.285
"225",2010-01-12 21:37:20,5381.9925
"226",2010-01-12 21:37:30,3185.445
"227",2010-01-12 21:37:40,4924.3975
"228",2010-01-12 21:37:50,2842.3325
"229",2010-01-12 21:38:00,2574.69
"230",2010-01-12 21:38:10,6196.8825
"231",2010-01-12 21:38:20,3045.9375
"232",2010-01-12 21:38:30,4347.495
"233",2010-01-12 21:38:40,2993.995
"234",2010-01-12 21:38:50,6688.53
"235",2010-01-12 21:39:00,2285.1275
"236",2010-01-12 21:39:10,3819.365
"237",2010-01-12 21:39:20,7586.0375
"238",2010-01-12 21:39:30,-271.3525
"239",2010-01-12 21:39:40,8643.6
"240",2010-01-12 21:39:50,3780.0025
"241",2010-01-12 21:40:00,5218.825
"242",2010-01-12 21:40:10,-2166.1025
"243",2010-01-12 21:40:20,5520.3225
"244",2010-01-12 21:40:30,883.96
"245",2010-01-12 21:40:40,4417.5475
"246",2010-01-12 21:40:50,8385.025
"247",2010-01-12 21:41:00,3374.35
"248",2010-01-12 21:41:10,7530.6
"249",2010-01-12 21:41:20,1151.725
"250",2010-01-12 21:41:30,4742.95
"251",2010-01-12 21:41:40,5898.5425
"252",2010-01-12 21:41:50,3656.47
"253",2010-01-12 21:42:00,2197.0425
"254",2010-01-12 21:42:10,6382.3675
"255",2010-01-12 21:42:20,5188.8775
"256",2010-01-12 21:42:30,1923.13
"257",2010-01-12 21:42:40,4817.085
"258",2010-01-12 21:42:50,2320.1625
"259",2010-01-12 21:43:00,4232.3175
"260",2010-01-12 21:43:10,2520.08
"261",2010-01-12 21:43:20,5663.27
"262",2010-01-12 21:43:30,3104.1675
"263",2010-01-12 21:43:40,6785.8875
"264",2010-01-12 21:43:50,2810.15
"265",2010-01-12 21:44:00,-643.1875
"266",2010-01-12 21:44:10,5860.6675
"267",2010-01-12 21:44:20,4622.315
"268",2010-01-12 21:44:30,5088.0975
"269",2010-01-12 21:44:40,719.76
"270",2010-01-12 21:44:50,4577.695
"271",2010-01-12 21:45:00,2004.25
"272",2010-01-12 21:45:10,6105.995
"273",2010-01-12 21:45:20,1750.8125
"274",2010-01-12 21:45:30,3993.275
"275",2010-01-12 21:45:40,-1772.5525
"276",2010-01-12 21:45:50,9130.5225
"277",2010-01-12 21:46:00,1233.81
"278",2010-01-12 21:46:10,-639.4275
"279",2010-01-12 21:46:20,9545.615
"280",2010-01-12 21:46:30,2588.4525
"281",2010-01-12 21:46:40,1955.0925
"282",2010-01-12 21:46:50,3628.8675
"283",2010-01-12 21:47:00,5783.885
"284",2010-01-12 21:47:10,3836.09
"285",2010-01-12 21:47:20,-435.8875
"286",2010-01-12 21:47:30,6352.5625
"287",2010-01-12 21:47:40,4826.4775
"288",2010-01-12 21:47:50,2559.1125
"289",2010-01-12 21:48:00,2617.395
"290",2010-01-12 21:48:10,2593.73
"291",2010-01-12 21:48:20,5182.775
"292",2010-01-12 21:48:30,5490.2725
"293",2010-01-12 21:48:40,2510.1925
"294",2010-01-12 21:48:50,4568.24
"295",2010-01-12 21:49:00,1533.5375
"296",2010-01-12 21:49:10,6431.22
"297",2010-01-12 21:49:20,4973.305
"298",2010-01-12 21:49:30,2080.9175
"299",2010-01-12 21:49:40,5269.9225
"300",2010-01-12 21:49:50,1992.085
"301",2010-01-12 21:50:00,5223.7075
"302",2010-01-12 21:50:10,1338.1675
"303",2010-01-12 21:50:20,7352.3825
"304",2010-01-12 21:50:30,1424.125
"305",2010-01-12 21:50:40,3064.68
"306",2010-01-12 21:50:50,2029.335
"307",2010-01-12 21:51:00,7093.44
"308",2010-01-12 21:51:10,3126.6775
"309",2010-01-12 21:51:20,-262.145
"310",2010-01-12 21:51:30,4731.335
"311",2010-01-12 21:51:40,6841.3725
"312",2010-01-12 21:51:50,301.835
"313",2010-01-12 21:52:00,4530.26
"314",2010-01-12 21:52:10,573.4275
"315",2010-01-12 21:52:20,7218.065
"316",2010-01-12 21:52:30,1133.415
"317",2010-01-12 21:52:40,4295.1425
"318",2010-01-12 21:52:50,5089.465
"319",2010-01-12 21:53:00,2191.31
"320",2010-01-12 21:53:10,894.1525
"321",2010-01-12 21:53:20,6767.2925
"322",2010-01-12 21:53:30,499.625
"323",2010-01-12 21:53:40,6593.675
"324",2010-01-12 21:53:50,-404.0075
"325",2010-01-12 21:54:00,3436.965
"326",2010-01-12 21:54:10,2789.43
"327",2010-01-12 21:54:20,6616.05
"328",2010-01-12 21:54:30,-1002.19
"329",2010-01-12 21:54:40,7299.665
"330",2010-01-12 21:54:50,4227.015
"331",2010-01-12 21:55:00,3498.0775
"332",2010-01-12 21:55:10,3510.5175
"333",2010-01-12 21:55:20,4209.7625
"334",2010-01-12 21:55:30,5050.9775
"335",2010-01-12 21:55:40,2142.76
"336",2010-01-12 21:55:50,5651.0675
"337",2010-01-12 21:56:00,4318.15
"338",2010-01-12 21:56:10,4123.575
"339",2010-01-12 21:56:20,3737.1075
"340",2010-01-12 21:56:30,1476.16
"341",2010-01-12 21:56:40,-253739.7025
"342",2010-01-12 21:56:50,-93324.2475
"343",2010-01-12 21:57:00,879243.055
"344",2010-01-12 21:57:10,116870.65
"345",2010-01-12 21:57:20,-1031875.935
"346",2010-01-12 21:57:30,451724.395
"347",2010-01-12 21:57:40,-204536.0825
"348",2010-01-12 21:57:50,86053.4
"349",2010-01-12 21:58:00,86515.9425
"350",2010-01-12 21:58:10,25972.2
"351",2010-01-12 21:58:20,-128986.8125
"352",2010-01-12 21:58:30,44222.1075
"353",2010-01-12 21:58:40,79033.19
"354",2010-01-12 21:58:50,-46340.165
"355",2010-01-12 21:59:00,-35712.19
"356",2010-01-12 21:59:10,142669.915
"357",2010-01-12 21:59:20,-118397.56
"358",2010-01-12 21:59:30,298949.4225
"359",2010-01-12 21:59:40,-347844.6325
"360",2010-01-12 21:59:50,396617.94
"361",2010-01-12 22:00:00,1331542.8375
"362",2010-01-12 22:00:10,-1453479.55
"363",2010-01-12 22:00:20,-1314410.68
"364",2010-01-12 22:00:30,-3082484.535
"365",2010-01-12 22:00:40,3040041.6925
"366",2010-01-12 22:00:50,6440765.3575
"367",2010-01-12 22:01:00,-5553140.495
"368",2010-01-12 22:01:10,1917014.3775
"369",2010-01-12 22:01:20,-393879.1975
"370",2010-01-12 22:01:30,-1026454.095
"371",2010-01-12 22:01:40,605936.59
"372",2010-01-12 22:01:50,-2252538.905
"373",2010-01-12 22:02:00,1468641.9175
"374",2010-01-12 22:02:10,-1920613.0475
"375",2010-01-12 22:02:20,2425399.4525
"376",2010-01-12 22:02:30,-1256449.93
"377",2010-01-12 22:02:40,1041806.3525
"378",2010-01-12 22:02:50,-971400
"379",2010-01-12 22:03:00,622035.995
"380",2010-01-12 22:03:10,657284.7675
"381",2010-01-12 22:03:20,-1548433.795
"382",2010-01-12 22:03:30,1203257.135
"383",2010-01-12 22:03:40,-1513110.515
"384",2010-01-12 22:03:50,673145.15
"385",2010-01-12 22:04:00,1783256.74
"386",2010-01-12 22:04:10,-2741275.9725
"387",2010-01-12 22:04:20,2745737.685
"388",2010-01-12 22:04:30,-2740890.205
"389",2010-01-12 22:04:40,1863781.62
"390",2010-01-12 22:04:50,532994.225
"391",2010-01-12 22:05:00,-1965133.03
"392",2010-01-12 22:05:10,2102733.4225
"393",2010-01-12 22:05:20,-1608344.29
"394",2010-01-12 22:05:30,113888.205
"395",2010-01-12 22:05:40,1346107.3975
"396",2010-01-12 22:05:50,-2144123.8425
"397",2010-01-12 22:06:00,1026189.46
"398",2010-01-12 22:06:10,3247.52
"399",2010-01-12 22:06:20,-566345.6925
"400",2010-01-12 22:06:30,1448938.5775
"401",2010-01-12 22:06:40,-1211296.5775
"402",2010-01-12 22:06:50,105470.895
"403",2010-01-12 22:07:00,489895.4375
"404",2010-01-12 22:07:10,-241456.7075
"405",2010-01-12 22:07:20,-166837.37
"406",2010-01-12 22:07:30,597453.075
"407",2010-01-12 22:07:40,-994257.405
"408",2010-01-12 22:07:50,514616.725
"409",2010-01-12 22:08:00,260983.775
"410",2010-01-12 22:08:10,-524264.4425
"411",2010-01-12 22:08:20,675773.5075
"412",2010-01-12 22:08:30,120860.09
"413",2010-01-12 22:08:40,-837001.905
"414",2010-01-12 22:08:50,678976.575
"415",2010-01-12 22:09:00,-146504.3475
"416",2010-01-12 22:09:10,-503186.6275
"417",2010-01-12 22:09:20,532514.8175
"418",2010-01-12 22:09:30,18150.3675
"419",2010-01-12 22:09:40,-677148.2075
"420",2010-01-12 22:09:50,666447.8425
"421",2010-01-12 22:10:00,333705.565
"422",2010-01-12 22:10:10,-581573.8325
"423",2010-01-12 22:10:20,773522.8675
"424",2010-01-12 22:10:30,-555352.4925
"425",2010-01-12 22:10:40,-12557.655
"426",2010-01-12 22:10:50,40328.1875
"427",2010-01-12 22:11:00,240296.5775
"428",2010-01-12 22:11:10,-533772.78
"429",2010-01-12 22:11:20,381773.185
"430",2010-01-12 22:11:30,234081.635
"431",2010-01-12 22:11:40,-899797.8325
"432",2010-01-12 22:11:50,613633.52
"433",2010-01-12 22:12:00,268020.65
"434",2010-01-12 22:12:10,-609688.23
"435",2010-01-12 22:12:20,213183.77
"436",2010-01-12 22:12:30,323561.8425
"437",2010-01-12 22:12:40,-565392.83
"438",2010-01-12 22:12:50,23058.5325
"439",2010-01-12 22:13:00,613019.69
"440",2010-01-12 22:13:10,-749192.2425
"441",2010-01-12 22:13:20,274714.885
"442",2010-01-12 22:13:30,149041.08
"443",2010-01-12 22:13:40,-56815.29
"444",2010-01-12 22:13:50,214.6575
"445",2010-01-12 22:14:00,-148441.6425
"446",2010-01-12 22:14:10,634299.25
"447",2010-01-12 22:14:20,-480315.6425
"448",2010-01-12 22:14:30,-138924.7575
"449",2010-01-12 22:14:40,677567.955
"450",2010-01-12 22:14:50,-607180.3525
"451",2010-01-12 22:15:00,33234.0375
"452",2010-01-12 22:15:10,385064.8825
"453",2010-01-12 22:15:20,-442395.76
"454",2010-01-12 22:15:30,-69799.885
"455",2010-01-12 22:15:40,364037.415
"456",2010-01-12 22:15:50,53399.81
"457",2010-01-12 22:16:00,-264999.435
"458",2010-01-12 22:16:10,302766.47
"459",2010-01-12 22:16:20,-448703.8775
"460",2010-01-12 22:16:30,308906.2225
"461",2010-01-12 22:16:40,-168150.515
"462",2010-01-12 22:16:50,243718.9775
"463",2010-01-12 22:17:00,-45173.8925
"464",2010-01-12 22:17:10,-64360.9925
"465",2010-01-12 22:17:20,-93956.6125
"466",2010-01-12 22:17:30,388063.655
"467",2010-01-12 22:17:40,-420382.3175
"468",2010-01-12 22:17:50,181215.8325
"469",2010-01-12 22:18:00,-191119.0825
"470",2010-01-12 22:18:10,235124.0625
"471",2010-01-12 22:18:20,-193712.94
"472",2010-01-12 22:18:30,314426.945
"473",2010-01-12 22:18:40,-193384.9825
"474",2010-01-12 22:18:50,-164162.885
"475",2010-01-12 22:19:00,377222.465
"476",2010-01-12 22:19:10,-170516.01
"477",2010-01-12 22:19:20,-310399.7525
"478",2010-01-12 22:19:30,801947.63
"479",2010-01-12 22:19:40,-217087.63
"480",2010-01-12 22:19:50,-546911.285
"481",2010-01-12 22:20:00,66059.655
"482",2010-01-12 22:20:10,327871.0925
"483",2010-01-12 22:20:20,-309487.4975
"484",2010-01-12 22:20:30,7416.5475
"485",2010-01-12 22:20:40,275277.3625
"486",2010-01-12 22:20:50,399517.84
"487",2010-01-12 22:21:00,109718.925
"488",2010-01-12 22:21:10,-711153.7825
"489",2010-01-12 22:21:20,478486.16
"490",2010-01-12 22:21:30,-107525.6725
"491",2010-01-12 22:21:40,-164493.8925
"492",2010-01-12 22:21:50,61598.5325
"493",2010-01-12 22:22:00,185992.8075
"494",2010-01-12 22:22:10,112510.8025
"495",2010-01-12 22:22:20,-242134.48
"496",2010-01-12 22:22:30,996.7225
"497",2010-01-12 22:22:40,-308898.77
"498",2010-01-12 22:22:50,111298.8975
"499",2010-01-12 22:23:00,145464.2125
"500",2010-01-12 22:23:10,-74439.1175
"501",2010-01-12 22:23:20,214711.2
"502",2010-01-12 22:23:30,182372.135
"503",2010-01-12 22:23:40,-72175.73
"504",2010-01-12 22:23:50,-174506.5925
"505",2010-01-12 22:24:00,-227201.795
"506",2010-01-12 22:24:10,-400.2
"507",2010-01-12 22:24:20,209675
"508",2010-01-12 22:24:30,-122976.08
"509",2010-01-12 22:24:40,-47524.4575
"510",2010-01-12 22:24:50,40239.4025
"511",2010-01-12 22:25:00,212143.2725
"512",2010-01-12 22:25:10,-149623.28
"513",2010-01-12 22:25:20,216469.81
"514",2010-01-12 22:25:30,-86110.895
"515",2010-01-12 22:25:40,-290941.6375
"516",2010-01-12 22:25:50,172815.8675
"517",2010-01-12 22:26:00,-107379.06
"518",2010-01-12 22:26:10,-76625.1375
"519",2010-01-12 22:26:20,500247.175
"520",2010-01-12 22:26:30,-354901.4525
"521",2010-01-12 22:26:40,46475.035
"522",2010-01-12 22:26:50,20037.935
"523",2010-01-12 22:27:00,213502.605
"524",2010-01-12 22:27:10,-311416.2525
"525",2010-01-12 22:27:20,203376.0675
"526",2010-01-12 22:27:30,-294443.6725
"527",2010-01-12 22:27:40,323358.895
"528",2010-01-12 22:27:50,97037.36
"529",2010-01-12 22:28:00,-312128.925
"530",2010-01-12 22:28:10,161428.775
"531",2010-01-12 22:28:20,303443.47
"532",2010-01-12 22:28:30,-255623.72
"533",2010-01-12 22:28:40,-78136.7
"534",2010-01-12 22:28:50,44380.295
"535",2010-01-12 22:29:00,-65420.9475
"536",2010-01-12 22:29:10,190334.9175
"537",2010-01-12 22:29:20,-199746.8825
"538",2010-01-12 22:29:30,81496.4975
"539",2010-01-12 22:29:40,-45660.97
"540",2010-01-12 22:29:50,-87441.61
"541",2010-01-12 22:30:00,157694.685
"542",2010-01-12 22:30:10,256083.4875
"543",2010-01-12 22:30:20,-269263.3275
"544",2010-01-12 22:30:30,38720.915
"545",2010-01-12 22:30:40,-135701.59
"546",2010-01-12 22:30:50,57764.7825
"547",2010-01-12 22:31:00,214698.6675
"548",2010-01-12 22:31:10,5833.07
"549",2010-01-12 22:31:20,-16374.475
"550",2010-01-12 22:31:30,-58755.3275
"551",2010-01-12 22:31:40,-157705.82
"552",2010-01-12 22:31:50,-188987.2975
"553",2010-01-12 22:32:00,99482.98
"554",2010-01-12 22:32:10,192876.4625
"555",2010-01-12 22:32:20,96552.255
"556",2010-01-12 22:32:30,-378159.0775
"557",2010-01-12 22:32:40,92941.5275
"558",2010-01-12 22:32:50,315202.51
"559",2010-01-12 22:33:00,-391388.48
"560",2010-01-12 22:33:10,118242.875
"561",2010-01-12 22:33:20,101871.8525
"562",2010-01-12 22:33:30,-114415.57
"563",2010-01-12 22:33:40,383115.385
"564",2010-01-12 22:33:50,-207416.3375
"565",2010-01-12 22:34:00,-5739.8625
"566",2010-01-12 22:34:10,54432.64
"567",2010-01-12 22:34:20,-40660.6825
"568",2010-01-12 22:34:30,11607.9975
"569",2010-01-12 22:34:40,35504.1775
"570",2010-01-12 22:34:50,167703.3875
"571",2010-01-12 22:35:00,-146083.45
"572",2010-01-12 22:35:10,-148419.3925
"573",2010-01-12 22:35:20,201486.77
"574",2010-01-12 22:35:30,17635.665
"575",2010-01-12 22:35:40,23118.89
"576",2010-01-12 22:35:50,-249941.325
"577",2010-01-12 22:36:00,221526.655
"578",2010-01-12 22:36:10,-96696.915
"579",2010-01-12 22:36:20,81219.5175
"580",2010-01-12 22:36:30,203686.9075
"581",2010-01-12 22:36:40,-109043.9025
"582",2010-01-12 22:36:50,-195957.425
"583",2010-01-12 22:37:00,205871.1625
"584",2010-01-12 22:37:10,-123731.215
"585",2010-01-12 22:37:20,86641.7375
"586",2010-01-12 22:37:30,-32450.855
"587",2010-01-12 22:37:40,-6127.6425
"588",2010-01-12 22:37:50,-28048.055
"589",2010-01-12 22:38:00,292151.0575
"590",2010-01-12 22:38:10,-26030.8225
"591",2010-01-12 22:38:20,-176254.43
"592",2010-01-12 22:38:30,-80639.745
"593",2010-01-12 22:38:40,94128.835
"594",2010-01-12 22:38:50,-42233.92
"595",2010-01-12 22:39:00,130110.1975
"596",2010-01-12 22:39:10,1342.5525
"597",2010-01-12 22:39:20,-29912.4125
"598",2010-01-12 22:39:30,113214.875
"599",2010-01-12 22:39:40,-159011.7575
"600",2010-01-12 22:39:50,-127126.7775
"601",2010-01-12 22:40:00,70477.815
"602",2010-01-12 22:40:10,-108497.1525
"603",2010-01-12 22:40:20,79214.9725
"604",2010-01-12 22:40:30,193009.79
"605",2010-01-12 22:40:40,-193169.325
"606",2010-01-12 22:40:50,-19793.34
"607",2010-01-12 22:41:00,44728.8125
"608",2010-01-12 22:41:10,202074.285
"609",2010-01-12 22:41:20,-144479.22
"610",2010-01-12 22:41:30,51195.1225
"611",2010-01-12 22:41:40,-23892.9025
"612",2010-01-12 22:41:50,-24905.62
"613",2010-01-12 22:42:00,89506.03
"614",2010-01-12 22:42:10,-63843.665
"615",2010-01-12 22:42:20,56656.535
"616",2010-01-12 22:42:30,66939.9425
"617",2010-01-12 22:42:40,-85948.5675
"618",2010-01-12 22:42:50,14145.815
"619",2010-01-12 22:43:00,148627.66
"620",2010-01-12 22:43:10,-201270.305
"621",2010-01-12 22:43:20,54660.045
"622",2010-01-12 22:43:30,43813.7175
"623",2010-01-12 22:43:40,-72852.605
"624",2010-01-12 22:43:50,-12094.965
"625",2010-01-12 22:44:00,16413.8425
"626",2010-01-12 22:44:10,-139195.095
"627",2010-01-12 22:44:20,192924.3425
"628",2010-01-12 22:44:30,-198114.2875
"629",2010-01-12 22:44:40,268390.44
"630",2010-01-12 22:44:50,11143.8475
"631",2010-01-12 22:45:00,-49205.3625
"632",2010-01-12 22:45:10,12188.4775
"633",2010-01-12 22:45:20,-193377.5
"634",2010-01-12 22:45:30,167786.53
"635",2010-01-12 22:45:40,-23950.47
"636",2010-01-12 22:45:50,-60732.7325
"637",2010-01-12 22:46:00,94120.9775
"638",2010-01-12 22:46:10,32848.9675
"639",2010-01-12 22:46:20,26812.0475
"640",2010-01-12 22:46:30,-95123.8475
"641",2010-01-12 22:46:40,-120911.67
"642",2010-01-12 22:46:50,188876.145
"643",2010-01-12 22:47:00,82940.965
"644",2010-01-12 22:47:10,-94967.8275
"645",2010-01-12 22:47:20,-115101.8325
"646",2010-01-12 22:47:30,120803.655
"647",2010-01-12 22:47:40,34655.2975
"648",2010-01-12 22:47:50,40803.095
"649",2010-01-12 22:48:00,-330725.815
"650",2010-01-12 22:48:10,209792.0675
"651",2010-01-12 22:48:20,159844.68
"652",2010-01-12 22:48:30,-118315.2875
"653",2010-01-12 22:48:40,17514.1625
"654",2010-01-12 22:48:50,89871.94
"655",2010-01-12 22:49:00,41642.435
"656",2010-01-12 22:49:10,-81156.6475
"657",2010-01-12 22:49:20,-34144.145
"658",2010-01-12 22:49:30,-22722.705
"659",2010-01-12 22:49:40,-27148.4625
"660",2010-01-12 22:49:50,-19401.6625
"661",2010-01-12 22:50:00,131152.4175
"662",2010-01-12 22:50:10,9622.74
"663",2010-01-12 22:50:20,-74073.8225
"664",2010-01-12 22:50:30,-40002.145
"665",2010-01-12 22:50:40,69155.405
"666",2010-01-12 22:50:50,20209.9275
"667",2010-01-12 22:51:00,14463.5075
"668",2010-01-12 22:51:10,-68164.035
"669",2010-01-12 22:51:20,135208.6225
"670",2010-01-12 22:51:30,49074.03
"671",2010-01-12 22:51:40,-103538.405
"672",2010-01-12 22:51:50,-119230.275
"673",2010-01-12 22:52:00,149187.7475
"674",2010-01-12 22:52:10,-64363.5025
"675",2010-01-12 22:52:20,127574.215
"676",2010-01-12 22:52:30,-81664.39
"677",2010-01-12 22:52:40,-65718.405
"678",2010-01-12 22:52:50,-8111.68
"679",2010-01-12 22:53:00,138952.6125
"680",2010-01-12 22:53:10,6382.4025
"681",2010-01-12 22:53:20,-25632.35
"682",2010-01-12 22:53:30,-39878.2725
"683",2010-01-12 22:53:40,47066.6275
"684",2010-01-12 22:53:50,-49317.7325
"685",2010-01-12 22:54:00,22176.87
"686",2010-01-12 22:54:10,131468.18
"687",2010-01-12 22:54:20,-80700.6625
"688",2010-01-12 22:54:30,-94987.9025
"689",2010-01-12 22:54:40,101411.38
"690",2010-01-12 22:54:50,45171.9525
"691",2010-01-12 22:55:00,-62921.9325
"692",2010-01-12 22:55:10,53914.4525
"693",2010-01-12 22:55:20,-76610.03
"694",2010-01-12 22:55:30,58272.6825
"695",2010-01-12 22:55:40,-26286.9875
"696",2010-01-12 22:55:50,68307.835
"697",2010-01-12 22:56:00,-82185.405
"698",2010-01-12 22:56:10,86165.18
"699",2010-01-12 22:56:20,-36168.805
"700",2010-01-12 22:56:30,-8855.6925
"701",2010-01-12 22:56:40,40070.1425
"702",2010-01-12 22:56:50,-23873.3475
"703",2010-01-12 22:57:00,-116098.7175
"704",2010-01-12 22:57:10,122671.0375
"705",2010-01-12 22:57:20,53227.87
"706",2010-01-12 22:57:30,-39370.1175
"707",2010-01-12 22:57:40,-40840.815
"708",2010-01-12 22:57:50,97587.145
"709",2010-01-12 22:58:00,-39820.695
"710",2010-01-12 22:58:10,-16473.785
"711",2010-01-12 22:58:20,48630.2325
"712",2010-01-12 22:58:30,-16052.725
"713",2010-01-12 22:58:40,-98640.705
"714",2010-01-12 22:58:50,104599.8725
"715",2010-01-12 22:59:00,40442.145
"716",2010-01-12 22:59:10,-110501.3975
"717",2010-01-12 22:59:20,8607.42
"718",2010-01-12 22:59:30,66015.635
"719",2010-01-12 22:59:40,27499.5975
"720",2010-01-12 22:59:50,-45343.5225
"721",2010-01-12 23:00:00,10918.92
"722",2010-01-12 23:00:10,7301.955
"723",2010-01-12 23:00:20,22313.43
"724",2010-01-12 23:00:30,-78198.365
"725",2010-01-12 23:00:40,-2432.0825
"726",2010-01-12 23:00:50,121874.995
"727",2010-01-12 23:01:00,-24743.83
"728",2010-01-12 23:01:10,11822.885
"729",2010-01-12 23:01:20,-84156.06
"730",2010-01-12 23:01:30,42451.715
"731",2010-01-12 23:01:40,21943.7025
"732",2010-01-12 23:01:50,13677.93
"733",2010-01-12 23:02:00,33119.745
"734",2010-01-12 23:02:10,-7788.595
"735",2010-01-12 23:02:20,-1931.3725
"736",2010-01-12 23:02:30,45172.5425
"737",2010-01-12 23:02:40,-31835.655
"738",2010-01-12 23:02:50,-92508.84
"739",2010-01-12 23:03:00,140941.7625
"740",2010-01-12 23:03:10,-40082.8825
"741",2010-01-12 23:03:20,-31299.0875
"742",2010-01-12 23:03:30,-13608.6275
"743",2010-01-12 23:03:40,62891.1275
"744",2010-01-12 23:03:50,31007.4625
"745",2010-01-12 23:04:00,-23364.1575
"746",2010-01-12 23:04:10,-907.365
"747",2010-01-12 23:04:20,-69470.3075
"748",2010-01-12 23:04:30,-14176.0675
"749",2010-01-12 23:04:40,30672.2825
"750",2010-01-12 23:04:50,8850.91
"751",2010-01-12 23:05:00,34853.2525
"752",2010-01-12 23:05:10,62729.31
"753",2010-01-12 23:05:20,-34501.01
"754",2010-01-12 23:05:30,7740.14
"755",2010-01-12 23:05:40,-29327.305
"756",2010-01-12 23:05:50,-21241.8825
"757",2010-01-12 23:06:00,46227.4275
"758",2010-01-12 23:06:10,64391.4575
"759",2010-01-12 23:06:20,-100159.015
"760",2010-01-12 23:06:30,-21738.9475
"761",2010-01-12 23:06:40,74213.1225
"762",2010-01-12 23:06:50,-59033.215
"763",2010-01-12 23:07:00,25458.75
"764",2010-01-12 23:07:10,46134.4425
"765",2010-01-12 23:07:20,18322.3775
"766",2010-01-12 23:07:30,2528.9425
"767",2010-01-12 23:07:40,11502.0425
"768",2010-01-12 23:07:50,-78162.0775
"769",2010-01-12 23:08:00,33368.905
"770",2010-01-12 23:08:10,-17201.7675
"771",2010-01-12 23:08:20,-572.2875
"772",2010-01-12 23:08:30,46468.1025
"773",2010-01-12 23:08:40,-45595.545
"774",2010-01-12 23:08:50,75964.45
"775",2010-01-12 23:09:00,-12020.3525
"776",2010-01-12 23:09:10,3757.6725
"777",2010-01-12 23:09:20,-64687.39
"778",2010-01-12 23:09:30,62247.9975
"779",2010-01-12 23:09:40,-990.29
"780",2010-01-12 23:09:50,-29807.6075
"781",2010-01-12 23:10:00,71063.2575
"782",2010-01-12 23:10:10,-60248.705
"783",2010-01-12 23:10:20,55800.78
"784",2010-01-12 23:10:30,-14239.3875
"785",2010-01-12 23:10:40,18346.18
"786",2010-01-12 23:10:50,-19115.595
"787",2010-01-12 23:11:00,-12806.0075
"788",2010-01-12 23:11:10,-10288.79
"789",2010-01-12 23:11:20,54199.245
"790",2010-01-12 23:11:30,-21162.74
"791",2010-01-12 23:11:40,-11163.815
"792",2010-01-12 23:11:50,51010.33
"793",2010-01-12 23:12:00,-67693.8325
"794",2010-01-12 23:12:10,10550.9175
"795",2010-01-12 23:12:20,56731.5275
"796",2010-01-12 23:12:30,53196.7075
"797",2010-01-12 23:12:40,-34812.6725
"798",2010-01-12 23:12:50,-13942.0925
"799",2010-01-12 23:13:00,-19189.14
"800",2010-01-12 23:13:10,8354.2675
"801",2010-01-12 23:13:20,18588.6275
"802",2010-01-12 23:13:30,24085.715
"803",2010-01-12 23:13:40,12658.91
"804",2010-01-12 23:13:50,-17159.0375
"805",2010-01-12 23:14:00,-26258.755
"806",2010-01-12 23:14:10,-13424.0875
"807",2010-01-12 23:14:20,12213.9975
"808",2010-01-12 23:14:30,3227.2475
"809",2010-01-12 23:14:40,76624.93
"810",2010-01-12 23:14:50,-97655.19
"811",2010-01-12 23:15:00,70715.4475
"812",2010-01-12 23:15:10,17152.2425
"813",2010-01-12 23:15:20,-41923.0225
"814",2010-01-12 23:15:30,63801.4675
"815",2010-01-12 23:15:40,-55459.4275
"816",2010-01-12 23:15:50,8689.7425
"817",2010-01-12 23:16:00,24113.1325
"818",2010-01-12 23:16:10,-53050.7
"819",2010-01-12 23:16:20,56996.825
"820",2010-01-12 23:16:30,-43478.2725
"821",2010-01-12 23:16:40,4857.7775
"822",2010-01-12 23:16:50,-1058.435
"823",2010-01-12 23:17:00,55107.88
"824",2010-01-12 23:17:10,33199.3625
"825",2010-01-12 23:17:20,-9512.4375
"826",2010-01-12 23:17:30,-60598.6275
"827",2010-01-12 23:17:40,48920.4
"828",2010-01-12 23:17:50,-39689.2775
"829",2010-01-12 23:18:00,-966.955
"830",2010-01-12 23:18:10,13060.4775
"831",2010-01-12 23:18:20,41372.915
"832",2010-01-12 23:18:30,7271.6975
"833",2010-01-12 23:18:40,-7720.01
"834",2010-01-12 23:18:50,-32945.3325
"835",2010-01-12 23:19:00,1233.7575
"836",2010-01-12 23:19:10,-14791.845
"837",2010-01-12 23:19:20,29475.4625
"838",2010-01-12 23:19:30,22383.1375
"839",2010-01-12 23:19:40,-17636.4775
"840",2010-01-12 23:19:50,17653.5075
"841",2010-01-12 23:20:00,-13247.41
"842",2010-01-12 23:20:10,43142.125
"843",2010-01-12 23:20:20,-10539.125
"844",2010-01-12 23:20:30,-33115.7675
"845",2010-01-12 23:20:40,42082.5475
"846",2010-01-12 23:20:50,-23352.2425
"847",2010-01-12 23:21:00,47020.69
"848",2010-01-12 23:21:10,-58782.77
"849",2010-01-12 23:21:20,54702.98
"850",2010-01-12 23:21:30,-7431.2
"851",2010-01-12 23:21:40,-33282.7025
"852",2010-01-12 23:21:50,-14454.86
"853",2010-01-12 23:22:00,54591.535
"854",2010-01-12 23:22:10,34400.245
"855",2010-01-12 23:22:20,-31336.705
"856",2010-01-12 23:22:30,14532.1275
"857",2010-01-12 23:22:40,-6404.275
"858",2010-01-12 23:22:50,24624.96
"859",2010-01-12 23:23:00,-15971.665
"860",2010-01-12 23:23:10,3166.185
"861",2010-01-12 23:23:20,446.005
"862",2010-01-12 23:23:30,29991.495
"863",2010-01-12 23:23:40,-45065.5575
"864",2010-01-12 23:23:50,23220.2275
"865",2010-01-12 23:24:00,-25467.18
"866",2010-01-12 23:24:10,78688.5525
"867",2010-01-12 23:24:20,-41795.66
"868",2010-01-12 23:24:30,-14167.0725
"869",2010-01-12 23:24:40,-917.8375
"870",2010-01-12 23:24:50,13101.9925
"871",2010-01-12 23:25:00,-11138.1625
"872",2010-01-12 23:25:10,27214.77
"873",2010-01-12 23:25:20,8317.8875
"874",2010-01-12 23:25:30,-2742.0275
"875",2010-01-12 23:25:40,14700.1375
"876",2010-01-12 23:25:50,-13736.5
"877",2010-01-12 23:26:00,-9021.565
"878",2010-01-12 23:26:10,-31059.115
"879",2010-01-12 23:26:20,11421.99
"880",2010-01-12 23:26:30,61061.5175
"881",2010-01-12 23:26:40,-29847.5525
"882",2010-01-12 23:26:50,18031.625
"883",2010-01-12 23:27:00,812.585
"884",2010-01-12 23:27:10,1526.5875
"885",2010-01-12 23:27:20,2113.9925
"886",2010-01-12 23:27:30,14636.5975
"887",2010-01-12 23:27:40,7190.17
"888",2010-01-12 23:27:50,2509.1925
"889",2010-01-12 23:28:00,30137.9675
"890",2010-01-12 23:28:10,-66183.3225
"891",2010-01-12 23:28:20,44419.4125
"892",2010-01-12 23:28:30,11905.4125
"893",2010-01-12 23:28:40,-5965.3
"894",2010-01-12 23:28:50,765.1075
"895",2010-01-12 23:29:00,21501.9775
"896",2010-01-12 23:29:10,3415.07
"897",2010-01-12 23:29:20,-7940.46
"898",2010-01-12 23:29:30,28940.2075
"899",2010-01-12 23:29:40,-31872.705
"900",2010-01-12 23:29:50,13170.86
"901",2010-01-12 23:30:00,-6542.05
"902",2010-01-12 23:30:10,-6945.855
"903",2010-01-12 23:30:20,17663.37
"904",2010-01-12 23:30:30,-8378.0475
"905",2010-01-12 23:30:40,32096.54
"906",2010-01-12 23:30:50,-17442.635
"907",2010-01-12 23:31:00,18213.5175
"908",2010-01-12 23:31:10,-35608.65
"909",2010-01-12 23:31:20,28660.415
"910",2010-01-12 23:31:30,-11860.7025
"911",2010-01-12 23:31:40,14363.8825
"912",2010-01-12 23:31:50,-26444.925
"913",2010-01-12 23:32:00,29590.54
"914",2010-01-12 23:32:10,-21031.08
"915",2010-01-12 23:32:20,63213.7125
"916",2010-01-12 23:32:30,8994.3175
"917",2010-01-12 23:32:40,9222.4875
"918",2010-01-12 23:32:50,-27990.73
"919",2010-01-12 23:33:00,10471.4175
"920",2010-01-12 23:33:10,-31706.32
"921",2010-01-12 23:33:20,-5899.085
"922",2010-01-12 23:33:30,-8762.0025
"923",2010-01-12 23:33:40,45518.53
"924",2010-01-12 23:33:50,12817.7925
"925",2010-01-12 23:34:00,-14492.78
"926",2010-01-12 23:34:10,-29112.4175
"927",2010-01-12 23:34:20,32009.965
"928",2010-01-12 23:34:30,23527.59
"929",2010-01-12 23:34:40,14520.77
"930",2010-01-12 23:34:50,30022.4225
"931",2010-01-12 23:35:00,-47846.4
"932",2010-01-12 23:35:10,12793.3375
"933",2010-01-12 23:35:20,17279.875
"934",2010-01-12 23:35:30,9852.5125
"935",2010-01-12 23:35:40,-10048.735
"936",2010-01-12 23:35:50,-17716.725
"937",2010-01-12 23:36:00,-31061.9025
"938",2010-01-12 23:36:10,12789.0125
"939",2010-01-12 23:36:20,36592.7925
"940",2010-01-12 23:36:30,-7466.9725
"941",2010-01-12 23:36:40,44536.47
"942",2010-01-12 23:36:50,-36679.7275
"943",2010-01-12 23:37:00,28671.5125
"944",2010-01-12 23:37:10,-59887.9975
"945",2010-01-12 23:37:20,33578.1175
"946",2010-01-12 23:37:30,10533.2425
"947",2010-01-12 23:37:40,27742.54
"948",2010-01-12 23:37:50,66996.2
"949",2010-01-12 23:38:00,-53381.93
"950",2010-01-12 23:38:10,-52692.8925
"951",2010-01-12 23:38:20,-3725.0275
"952",2010-01-12 23:38:30,22624.3525
"953",2010-01-12 23:38:40,41033.405
"954",2010-01-12 23:38:50,-49578.0325
"955",2010-01-12 23:39:00,8680.5875
"956",2010-01-12 23:39:10,3921.315
"957",2010-01-12 23:39:20,35482.1725
"958",2010-01-12 23:39:30,15626.73
"959",2010-01-12 23:39:40,-11185.6625
"960",2010-01-12 23:39:50,12180.5075
"961",2010-01-12 23:40:00,31320.7275
"962",2010-01-12 23:40:10,-5787.9175
"963",2010-01-12 23:40:20,-25216.1475
"964",2010-01-12 23:40:30,-16462.5425
"965",2010-01-12 23:40:40,-43609.49
"966",2010-01-12 23:40:50,27250.885
"967",2010-01-12 23:41:00,13012.08
"968",2010-01-12 23:41:10,58730.75
"969",2010-01-12 23:41:20,-14512.365
"970",2010-01-12 23:41:30,3147.535
"971",2010-01-12 23:41:40,33233.3275
"972",2010-01-12 23:41:50,-29233.2425
"973",2010-01-12 23:42:00,-15124.6725
"974",2010-01-12 23:42:10,-29991.04
"975",2010-01-12 23:42:20,25861.095
"976",2010-01-12 23:42:30,5388.1475
"977",2010-01-12 23:42:40,46785.4675
"978",2010-01-12 23:42:50,-11563.5675
"979",2010-01-12 23:43:00,-13474.95
"980",2010-01-12 23:43:10,-25304.75
"981",2010-01-12 23:43:20,14971.1175
"982",2010-01-12 23:43:30,41829.3825
"983",2010-01-12 23:43:40,-8612.325
"984",2010-01-12 23:43:50,-40556.7575
"985",2010-01-12 23:44:00,4644.955
"986",2010-01-12 23:44:10,42808.4725
"987",2010-01-12 23:44:20,31170.2525
"988",2010-01-12 23:44:30,10812.815
"989",2010-01-12 23:44:40,-17240.8925
"990",2010-01-12 23:44:50,-4755.93
"991",2010-01-12 23:45:00,-39752.425
"992",2010-01-12 23:45:10,34398.6975
"993",2010-01-12 23:45:20,-2392.695
"994",2010-01-12 23:45:30,-8145.635
"995",2010-01-12 23:45:40,14713.47
"996",2010-01-12 23:45:50,11100.33
"997",2010-01-12 23:46:00,-12982.54
"998",2010-01-12 23:46:10,-17052.6375
"999",2010-01-12 23:46:20,29767.01
"1000",2010-01-12 23:46:30,39759.4275
"1001",2010-01-12 23:46:40,-2552.0825
"1002",2010-01-12 23:46:50,31903.7075
"1003",2010-01-12 23:47:00,-40862.4
"1004",2010-01-12 23:47:10,-35159.385
"1005",2010-01-12 23:47:20,15636.0025
"1006",2010-01-12 23:47:30,14861.07
"1007",2010-01-12 23:47:40,15467.9675
"1008",2010-01-12 23:47:50,16543.71
"1009",2010-01-12 23:48:00,3408.295
"1010",2010-01-12 23:48:10,24362.1425
"1011",2010-01-12 23:48:20,-28360.13
"1012",2010-01-12 23:48:30,-24240.755
"1013",2010-01-12 23:48:40,51236.6825
"1014",2010-01-12 23:48:50,-19356.12
"1015",2010-01-12 23:49:00,-13399.22
"1016",2010-01-12 23:49:10,20778.815
"1017",2010-01-12 23:49:20,62135.98
"1018",2010-01-12 23:49:30,-15932.39
"1019",2010-01-12 23:49:40,-50284.935
"1020",2010-01-12 23:49:50,-7692.3775
"1021",2010-01-12 23:50:00,17706.9225
"1022",2010-01-12 23:50:10,17502.34
"1023",2010-01-12 23:50:20,3753.4425
"1024",2010-01-12 23:50:30,-6337.6325
"1025",2010-01-12 23:50:40,18782.615
"1026",2010-01-12 23:50:50,-16551.0525
"1027",2010-01-12 23:51:00,25159.0525
"1028",2010-01-12 23:51:10,23267.1775
"1029",2010-01-12 23:51:20,-19605.295
"1030",2010-01-12 23:51:30,10129.46
"1031",2010-01-12 23:51:40,-82.0775
"1032",2010-01-12 23:51:50,-24843.3575
"1033",2010-01-12 23:52:00,-4597.5525
"1034",2010-01-12 23:52:10,15943.4925
"1035",2010-01-12 23:52:20,49508.445
"1036",2010-01-12 23:52:30,-18623.9625
"1037",2010-01-12 23:52:40,-21742.9825
"1038",2010-01-12 23:52:50,6397.41
"1039",2010-01-12 23:53:00,-8493.295
"1040",2010-01-12 23:53:10,29814.455
"1041",2010-01-12 23:53:20,-6842.2525
"1042",2010-01-12 23:53:30,13820.685
"1043",2010-01-12 23:53:40,-12310.7025
"1044",2010-01-12 23:53:50,13719.6375
"1045",2010-01-12 23:54:00,-2673.34
"1046",2010-01-12 23:54:10,-6251.085
"1047",2010-01-12 23:54:20,21598.8225
"1048",2010-01-12 23:54:30,-15006.01
"1049",2010-01-12 23:54:40,20209.29
"1050",2010-01-12 23:54:50,-12798.0625
"1051",2010-01-12 23:55:00,-171.6
"1052",2010-01-12 23:55:10,2421.4625
"1053",2010-01-12 23:55:20,6487.4175
"1054",2010-01-12 23:55:30,14407.75
"1055",2010-01-12 23:55:40,26233.6725
"1056",2010-01-12 23:55:50,-6044.02
"1057",2010-01-12 23:56:00,-15044.56
"1058",2010-01-12 23:56:10,-6888.5125
"1059",2010-01-12 23:56:20,-18877.015
"1060",2010-01-12 23:56:30,22197.005
"1061",2010-01-12 23:56:40,18849.8075
"1062",2010-01-12 23:56:50,10516.2775
"1063",2010-01-12 23:57:00,9153.1525
"1064",2010-01-12 23:57:10,-2587.4475
"1065",2010-01-12 23:57:20,-38560.78
"1066",2010-01-12 23:57:30,4724.405
"1067",2010-01-12 23:57:40,8289.0775
"1068",2010-01-12 23:57:50,18566.3025
"1069",2010-01-12 23:58:00,5332.765
"1070",2010-01-12 23:58:10,9016.07
"1071",2010-01-12 23:58:20,7307.805
"1072",2010-01-12 23:58:30,512.3325
"1073",2010-01-12 23:58:40,10866.74
"1074",2010-01-12 23:58:50,-4554.9325
"1075",2010-01-12 23:59:00,-327.28
"1076",2010-01-12 23:59:10,-19584.5925
"1077",2010-01-12 23:59:20,-1731.8475
"1078",2010-01-12 23:59:30,30771.785
"1079",2010-01-12 23:59:40,6953.2825
"1080",2010-01-12 23:59:50,9350.55153203343
