"","DateTime","IU.DWPF.00.BHZ.M"
"1",2010-01-12 21:00:00,116517.865
"2",2010-01-12 21:00:10,116517.910447761
"3",2010-01-12 21:00:20,116517.75
"4",2010-01-12 21:00:30,116518.345
"5",2010-01-12 21:00:40,116517.36
"6",2010-01-12 21:00:50,116517.665
"7",2010-01-12 21:01:00,116517.99
"8",2010-01-12 21:01:10,116517.055
"9",2010-01-12 21:01:20,116517.06
"10",2010-01-12 21:01:30,116517.745
"11",2010-01-12 21:01:40,116517.09
"12",2010-01-12 21:01:50,116517.715
"13",2010-01-12 21:02:00,116518.105
"14",2010-01-12 21:02:10,116518.15
"15",2010-01-12 21:02:20,116518.675
"16",2010-01-12 21:02:30,116518.5
"17",2010-01-12 21:02:40,116518.455
"18",2010-01-12 21:02:50,116518.38
"19",2010-01-12 21:03:00,116518.455
"20",2010-01-12 21:03:10,116518.875
"21",2010-01-12 21:03:20,116518.705
"22",2010-01-12 21:03:30,116518.95
"23",2010-01-12 21:03:40,116518.86
"24",2010-01-12 21:03:50,116518.385
"25",2010-01-12 21:04:00,116518.565
"26",2010-01-12 21:04:10,116519.59
"27",2010-01-12 21:04:20,116519.705
"28",2010-01-12 21:04:30,116520.565
"29",2010-01-12 21:04:40,116519.96
"30",2010-01-12 21:04:50,116520.205
"31",2010-01-12 21:05:00,116520.31
"32",2010-01-12 21:05:10,116519.945
"33",2010-01-12 21:05:20,116520.305
"34",2010-01-12 21:05:30,116520.265
"35",2010-01-12 21:05:40,116520.15
"36",2010-01-12 21:05:50,116520.07
"37",2010-01-12 21:06:00,116520.09
"38",2010-01-12 21:06:10,116519.715
"39",2010-01-12 21:06:20,116519.94
"40",2010-01-12 21:06:30,116520.195
"41",2010-01-12 21:06:40,116520.035
"42",2010-01-12 21:06:50,116519.73
"43",2010-01-12 21:07:00,116520.68
"44",2010-01-12 21:07:10,116520.045
"45",2010-01-12 21:07:20,116520.95
"46",2010-01-12 21:07:30,116521.215
"47",2010-01-12 21:07:40,116520.825
"48",2010-01-12 21:07:50,116520.245
"49",2010-01-12 21:08:00,116520.905
"50",2010-01-12 21:08:10,116520.935
"51",2010-01-12 21:08:20,116521.525
"52",2010-01-12 21:08:30,116520.455
"53",2010-01-12 21:08:40,116520.7
"54",2010-01-12 21:08:50,116521.265
"55",2010-01-12 21:09:00,116520.52
"56",2010-01-12 21:09:10,116521.31
"57",2010-01-12 21:09:20,116520.525
"58",2010-01-12 21:09:30,116520.725
"59",2010-01-12 21:09:40,116520.89
"60",2010-01-12 21:09:50,116521.25
"61",2010-01-12 21:10:00,116521.66
"62",2010-01-12 21:10:10,116521.56
"63",2010-01-12 21:10:20,116521.575
"64",2010-01-12 21:10:30,116522.19
"65",2010-01-12 21:10:40,116521.915
"66",2010-01-12 21:10:50,116521.24
"67",2010-01-12 21:11:00,116521.82
"68",2010-01-12 21:11:10,116521.96
"69",2010-01-12 21:11:20,116521.66
"70",2010-01-12 21:11:30,116521.34
"71",2010-01-12 21:11:40,116521.105
"72",2010-01-12 21:11:50,116521.16
"73",2010-01-12 21:12:00,116521.625
"74",2010-01-12 21:12:10,116520.46
"75",2010-01-12 21:12:20,116521.405
"76",2010-01-12 21:12:30,116521.66
"77",2010-01-12 21:12:40,116521.955
"78",2010-01-12 21:12:50,116521.21
"79",2010-01-12 21:13:00,116522.125
"80",2010-01-12 21:13:10,116522.785
"81",2010-01-12 21:13:20,116523.12
"82",2010-01-12 21:13:30,116522.04
"83",2010-01-12 21:13:40,116522.23
"84",2010-01-12 21:13:50,116521.695
"85",2010-01-12 21:14:00,116522.31
"86",2010-01-12 21:14:10,116523.075
"87",2010-01-12 21:14:20,116522.4
"88",2010-01-12 21:14:30,116521.84
"89",2010-01-12 21:14:40,116523.075
"90",2010-01-12 21:14:50,116522.84
"91",2010-01-12 21:15:00,116522.65
"92",2010-01-12 21:15:10,116523.265
"93",2010-01-12 21:15:20,116523.3
"94",2010-01-12 21:15:30,116522.625
"95",2010-01-12 21:15:40,116521.855
"96",2010-01-12 21:15:50,116522.835
"97",2010-01-12 21:16:00,116523.56
"98",2010-01-12 21:16:10,116522.555
"99",2010-01-12 21:16:20,116522.86
"100",2010-01-12 21:16:30,116523.465
"101",2010-01-12 21:16:40,116522.95
"102",2010-01-12 21:16:50,116523.31
"103",2010-01-12 21:17:00,116522.645
"104",2010-01-12 21:17:10,116522.665
"105",2010-01-12 21:17:20,116522.72
"106",2010-01-12 21:17:30,116522.465
"107",2010-01-12 21:17:40,116523.23
"108",2010-01-12 21:17:50,116523.325
"109",2010-01-12 21:18:00,116523.37
"110",2010-01-12 21:18:10,116523.66
"111",2010-01-12 21:18:20,116523.92
"112",2010-01-12 21:18:30,116523.89
"113",2010-01-12 21:18:40,116524.03
"114",2010-01-12 21:18:50,116524.04
"115",2010-01-12 21:19:00,116522.89
"116",2010-01-12 21:19:10,116523.685
"117",2010-01-12 21:19:20,116523.65
"118",2010-01-12 21:19:30,116523.895
"119",2010-01-12 21:19:40,116523.015
"120",2010-01-12 21:19:50,116522.365
"121",2010-01-12 21:20:00,116523.05
"122",2010-01-12 21:20:10,116523.36
"123",2010-01-12 21:20:20,116522.855
"124",2010-01-12 21:20:30,116523.055
"125",2010-01-12 21:20:40,116523.195
"126",2010-01-12 21:20:50,116523.87
"127",2010-01-12 21:21:00,116523.535
"128",2010-01-12 21:21:10,116523.02
"129",2010-01-12 21:21:20,116522.665
"130",2010-01-12 21:21:30,116522.77
"131",2010-01-12 21:21:40,116524.385
"132",2010-01-12 21:21:50,116523.18
"133",2010-01-12 21:22:00,116523.16
"134",2010-01-12 21:22:10,116522.74
"135",2010-01-12 21:22:20,116522.76
"136",2010-01-12 21:22:30,116523.015
"137",2010-01-12 21:22:40,116522.4
"138",2010-01-12 21:22:50,116523.52
"139",2010-01-12 21:23:00,116522.985
"140",2010-01-12 21:23:10,116523.645
"141",2010-01-12 21:23:20,116523.55
"142",2010-01-12 21:23:30,116523.32
"143",2010-01-12 21:23:40,116524
"144",2010-01-12 21:23:50,116524.06
"145",2010-01-12 21:24:00,116524.58
"146",2010-01-12 21:24:10,116523.82
"147",2010-01-12 21:24:20,116524.855
"148",2010-01-12 21:24:30,116524.075
"149",2010-01-12 21:24:40,116523.845
"150",2010-01-12 21:24:50,116524.65
"151",2010-01-12 21:25:00,116523.835
"152",2010-01-12 21:25:10,116523.985
"153",2010-01-12 21:25:20,116523.34
"154",2010-01-12 21:25:30,116523.41
"155",2010-01-12 21:25:40,116522.96
"156",2010-01-12 21:25:50,116523.475
"157",2010-01-12 21:26:00,116523.49
"158",2010-01-12 21:26:10,116523.32
"159",2010-01-12 21:26:20,116523.86
"160",2010-01-12 21:26:30,116523.735
"161",2010-01-12 21:26:40,116523.94
"162",2010-01-12 21:26:50,116524.13
"163",2010-01-12 21:27:00,116525.025
"164",2010-01-12 21:27:10,116524.475
"165",2010-01-12 21:27:20,116524.785
"166",2010-01-12 21:27:30,116525.205
"167",2010-01-12 21:27:40,116525.495
"168",2010-01-12 21:27:50,116524.98
"169",2010-01-12 21:28:00,116524.975
"170",2010-01-12 21:28:10,116524.48
"171",2010-01-12 21:28:20,116524.895
"172",2010-01-12 21:28:30,116525.165
"173",2010-01-12 21:28:40,116525.675
"174",2010-01-12 21:28:50,116524.945
"175",2010-01-12 21:29:00,116525.005
"176",2010-01-12 21:29:10,116525.03
"177",2010-01-12 21:29:20,116524.945
"178",2010-01-12 21:29:30,116525.23
"179",2010-01-12 21:29:40,116525.105
"180",2010-01-12 21:29:50,116525.765
"181",2010-01-12 21:30:00,116525.365
"182",2010-01-12 21:30:10,116526.445
"183",2010-01-12 21:30:20,116526.535
"184",2010-01-12 21:30:30,116525.815
"185",2010-01-12 21:30:40,116526.625
"186",2010-01-12 21:30:50,116525.65
"187",2010-01-12 21:31:00,116525.115
"188",2010-01-12 21:31:10,116526.51
"189",2010-01-12 21:31:20,116526.225
"190",2010-01-12 21:31:30,116526.54
"191",2010-01-12 21:31:40,116526.645
"192",2010-01-12 21:31:50,116526.01
"193",2010-01-12 21:32:00,116525.815
"194",2010-01-12 21:32:10,116526.08
"195",2010-01-12 21:32:20,116526.49
"196",2010-01-12 21:32:30,116525.945
"197",2010-01-12 21:32:40,116525.635
"198",2010-01-12 21:32:50,116525.8
"199",2010-01-12 21:33:00,116525.745
"200",2010-01-12 21:33:10,116525.935
"201",2010-01-12 21:33:20,116525.27
"202",2010-01-12 21:33:30,116525.565
"203",2010-01-12 21:33:40,116525.88
"204",2010-01-12 21:33:50,116525.895
"205",2010-01-12 21:34:00,116525.36
"206",2010-01-12 21:34:10,116526.45
"207",2010-01-12 21:34:20,116526.695
"208",2010-01-12 21:34:30,116526.285
"209",2010-01-12 21:34:40,116526.515
"210",2010-01-12 21:34:50,116526.565
"211",2010-01-12 21:35:00,116526.405
"212",2010-01-12 21:35:10,116525.755
"213",2010-01-12 21:35:20,116525.85
"214",2010-01-12 21:35:30,116525.82
"215",2010-01-12 21:35:40,116527.085
"216",2010-01-12 21:35:50,116527.335
"217",2010-01-12 21:36:00,116525.875
"218",2010-01-12 21:36:10,116526.285
"219",2010-01-12 21:36:20,116526.435
"220",2010-01-12 21:36:30,116527
"221",2010-01-12 21:36:40,116526.44
"222",2010-01-12 21:36:50,116527.775
"223",2010-01-12 21:37:00,116526.965
"224",2010-01-12 21:37:10,116526.835
"225",2010-01-12 21:37:20,116527.425
"226",2010-01-12 21:37:30,116526.78
"227",2010-01-12 21:37:40,116526.925
"228",2010-01-12 21:37:50,116526.49
"229",2010-01-12 21:38:00,116526.915
"230",2010-01-12 21:38:10,116526.885
"231",2010-01-12 21:38:20,116527.045
"232",2010-01-12 21:38:30,116527.345
"233",2010-01-12 21:38:40,116527
"234",2010-01-12 21:38:50,116526.185
"235",2010-01-12 21:39:00,116526.43
"236",2010-01-12 21:39:10,116527.06
"237",2010-01-12 21:39:20,116525.94
"238",2010-01-12 21:39:30,116526.305
"239",2010-01-12 21:39:40,116527.055
"240",2010-01-12 21:39:50,116526.635
"241",2010-01-12 21:40:00,116526.37
"242",2010-01-12 21:40:10,116527.55
"243",2010-01-12 21:40:20,116526.665
"244",2010-01-12 21:40:30,116526.89
"245",2010-01-12 21:40:40,116526.235
"246",2010-01-12 21:40:50,116526.255
"247",2010-01-12 21:41:00,116526.405
"248",2010-01-12 21:41:10,116526.8
"249",2010-01-12 21:41:20,116526.225
"250",2010-01-12 21:41:30,116527.605
"251",2010-01-12 21:41:40,116527.445
"252",2010-01-12 21:41:50,116527.14
"253",2010-01-12 21:42:00,116526.77
"254",2010-01-12 21:42:10,116527.48
"255",2010-01-12 21:42:20,116527.465
"256",2010-01-12 21:42:30,116527.41
"257",2010-01-12 21:42:40,116527.135
"258",2010-01-12 21:42:50,116526.785
"259",2010-01-12 21:43:00,116528.335
"260",2010-01-12 21:43:10,116528.285
"261",2010-01-12 21:43:20,116528.885
"262",2010-01-12 21:43:30,116528.39
"263",2010-01-12 21:43:40,116528.745
"264",2010-01-12 21:43:50,116529.15
"265",2010-01-12 21:44:00,116528.72
"266",2010-01-12 21:44:10,116529.175
"267",2010-01-12 21:44:20,116528.54
"268",2010-01-12 21:44:30,116528.42
"269",2010-01-12 21:44:40,116528.98
"270",2010-01-12 21:44:50,116528.68
"271",2010-01-12 21:45:00,116528.79
"272",2010-01-12 21:45:10,116529.395
"273",2010-01-12 21:45:20,116528.765
"274",2010-01-12 21:45:30,116528.56
"275",2010-01-12 21:45:40,116528.465
"276",2010-01-12 21:45:50,116528.645
"277",2010-01-12 21:46:00,116528.86
"278",2010-01-12 21:46:10,116528.73
"279",2010-01-12 21:46:20,116528.905
"280",2010-01-12 21:46:30,116528.61
"281",2010-01-12 21:46:40,116528.32
"282",2010-01-12 21:46:50,116528.195
"283",2010-01-12 21:47:00,116528.14
"284",2010-01-12 21:47:10,116527.825
"285",2010-01-12 21:47:20,116527.28
"286",2010-01-12 21:47:30,116527.57
"287",2010-01-12 21:47:40,116528.3
"288",2010-01-12 21:47:50,116527.815
"289",2010-01-12 21:48:00,116528.085
"290",2010-01-12 21:48:10,116528.67
"291",2010-01-12 21:48:20,116528.71
"292",2010-01-12 21:48:30,116528.97
"293",2010-01-12 21:48:40,116527.805
"294",2010-01-12 21:48:50,116528.205
"295",2010-01-12 21:49:00,116528.235
"296",2010-01-12 21:49:10,116527.935
"297",2010-01-12 21:49:20,116527.9
"298",2010-01-12 21:49:30,116527.79
"299",2010-01-12 21:49:40,116527.325
"300",2010-01-12 21:49:50,116528.06
"301",2010-01-12 21:50:00,116527.555
"302",2010-01-12 21:50:10,116527.245
"303",2010-01-12 21:50:20,116528.33
"304",2010-01-12 21:50:30,116528.97
"305",2010-01-12 21:50:40,116528.705
"306",2010-01-12 21:50:50,116528.66
"307",2010-01-12 21:51:00,116528.375
"308",2010-01-12 21:51:10,116528.425
"309",2010-01-12 21:51:20,116527.985
"310",2010-01-12 21:51:30,116527.685
"311",2010-01-12 21:51:40,116527.85
"312",2010-01-12 21:51:50,116528.83
"313",2010-01-12 21:52:00,116528.69
"314",2010-01-12 21:52:10,116528.755
"315",2010-01-12 21:52:20,116529.475
"316",2010-01-12 21:52:30,116529.4
"317",2010-01-12 21:52:40,116529.595
"318",2010-01-12 21:52:50,116529.73
"319",2010-01-12 21:53:00,116529.505
"320",2010-01-12 21:53:10,116530.505
"321",2010-01-12 21:53:20,116529.83
"322",2010-01-12 21:53:30,116529.12
"323",2010-01-12 21:53:40,116529.54
"324",2010-01-12 21:53:50,116529.765
"325",2010-01-12 21:54:00,116530.325
"326",2010-01-12 21:54:10,116529.58
"327",2010-01-12 21:54:20,116530.145
"328",2010-01-12 21:54:30,116531.01
"329",2010-01-12 21:54:40,116530.37
"330",2010-01-12 21:54:50,116530.38
"331",2010-01-12 21:55:00,116529.935
"332",2010-01-12 21:55:10,116530.245
"333",2010-01-12 21:55:20,116530.825
"334",2010-01-12 21:55:30,116530.11
"335",2010-01-12 21:55:40,116530.04
"336",2010-01-12 21:55:50,116531.02
"337",2010-01-12 21:56:00,116531.405
"338",2010-01-12 21:56:10,116531.45
"339",2010-01-12 21:56:20,116530.555
"340",2010-01-12 21:56:30,116529.7
"341",2010-01-12 21:56:40,116529.125
"342",2010-01-12 21:56:50,116529.91
"343",2010-01-12 21:57:00,116529.95
"344",2010-01-12 21:57:10,116530.955
"345",2010-01-12 21:57:20,116530.22
"346",2010-01-12 21:57:30,116530.235
"347",2010-01-12 21:57:40,116530.93
"348",2010-01-12 21:57:50,116530.79
"349",2010-01-12 21:58:00,116531.325
"350",2010-01-12 21:58:10,116531.345
"351",2010-01-12 21:58:20,116530.75
"352",2010-01-12 21:58:30,116530.89
"353",2010-01-12 21:58:40,116531.29
"354",2010-01-12 21:58:50,116530.86
"355",2010-01-12 21:59:00,116530.425
"356",2010-01-12 21:59:10,116531.85
"357",2010-01-12 21:59:20,116531.445
"358",2010-01-12 21:59:30,116531.19
"359",2010-01-12 21:59:40,116531.24
"360",2010-01-12 21:59:50,116531.28
"361",2010-01-12 22:00:00,116530.655
"362",2010-01-12 22:00:10,116530.685
"363",2010-01-12 22:00:20,116531.605
"364",2010-01-12 22:00:30,116532.065
"365",2010-01-12 22:00:40,116530.79
"366",2010-01-12 22:00:50,116531.465
"367",2010-01-12 22:01:00,116531.355
"368",2010-01-12 22:01:10,116530.64
"369",2010-01-12 22:01:20,116530.555
"370",2010-01-12 22:01:30,116531.09
"371",2010-01-12 22:01:40,116531.245
"372",2010-01-12 22:01:50,116531.79
"373",2010-01-12 22:02:00,116530.8
"374",2010-01-12 22:02:10,116530.905
"375",2010-01-12 22:02:20,116531.23
"376",2010-01-12 22:02:30,116531.61
"377",2010-01-12 22:02:40,116531.83
"378",2010-01-12 22:02:50,116531.17
"379",2010-01-12 22:03:00,116531.795
"380",2010-01-12 22:03:10,116531.48
"381",2010-01-12 22:03:20,116530.6
"382",2010-01-12 22:03:30,116529.825
"383",2010-01-12 22:03:40,116530.41
"384",2010-01-12 22:03:50,116530.81
"385",2010-01-12 22:04:00,116530.565
"386",2010-01-12 22:04:10,116530.68
"387",2010-01-12 22:04:20,116531
"388",2010-01-12 22:04:30,116531.575
"389",2010-01-12 22:04:40,116530.79
"390",2010-01-12 22:04:50,116531.14
"391",2010-01-12 22:05:00,116530.84
"392",2010-01-12 22:05:10,116530.84
"393",2010-01-12 22:05:20,116530.995
"394",2010-01-12 22:05:30,116531.975
"395",2010-01-12 22:05:40,116531.555
"396",2010-01-12 22:05:50,116531.785
"397",2010-01-12 22:06:00,116531.17
"398",2010-01-12 22:06:10,116532.025
"399",2010-01-12 22:06:20,116531.56
"400",2010-01-12 22:06:30,116531.09
"401",2010-01-12 22:06:40,116531.86
"402",2010-01-12 22:06:50,116530.485
"403",2010-01-12 22:07:00,116530.975
"404",2010-01-12 22:07:10,116532.18
"405",2010-01-12 22:07:20,116531.335
"406",2010-01-12 22:07:30,116530.795
"407",2010-01-12 22:07:40,116531.18
"408",2010-01-12 22:07:50,116531.46
"409",2010-01-12 22:08:00,116531.55
"410",2010-01-12 22:08:10,116531.845
"411",2010-01-12 22:08:20,116531.935
"412",2010-01-12 22:08:30,116532.17
"413",2010-01-12 22:08:40,116531.74
"414",2010-01-12 22:08:50,116531.1
"415",2010-01-12 22:09:00,116531.395
"416",2010-01-12 22:09:10,116531.685
"417",2010-01-12 22:09:20,116531.54
"418",2010-01-12 22:09:30,116531.31
"419",2010-01-12 22:09:40,116531.23
"420",2010-01-12 22:09:50,116531.045
"421",2010-01-12 22:10:00,116531.875
"422",2010-01-12 22:10:10,116531.39
"423",2010-01-12 22:10:20,116531.5
"424",2010-01-12 22:10:30,116531.195
"425",2010-01-12 22:10:40,116531.485
"426",2010-01-12 22:10:50,116532.105
"427",2010-01-12 22:11:00,116532.09
"428",2010-01-12 22:11:10,116531.215
"429",2010-01-12 22:11:20,116531.985
"430",2010-01-12 22:11:30,116532.8
"431",2010-01-12 22:11:40,116532.43
"432",2010-01-12 22:11:50,116531.44
"433",2010-01-12 22:12:00,116531.64
"434",2010-01-12 22:12:10,116532.28
"435",2010-01-12 22:12:20,116532.005
"436",2010-01-12 22:12:30,116531.705
"437",2010-01-12 22:12:40,116531.52
"438",2010-01-12 22:12:50,116531.48
"439",2010-01-12 22:13:00,116532.02
"440",2010-01-12 22:13:10,116530.75
"441",2010-01-12 22:13:20,116530.73
"442",2010-01-12 22:13:30,116531.175
"443",2010-01-12 22:13:40,116531.355
"444",2010-01-12 22:13:50,116530.99
"445",2010-01-12 22:14:00,116530.905
"446",2010-01-12 22:14:10,116532.035
"447",2010-01-12 22:14:20,116532.755
"448",2010-01-12 22:14:30,116531.85
"449",2010-01-12 22:14:40,116531.525
"450",2010-01-12 22:14:50,116532.33
"451",2010-01-12 22:15:00,116531.6
"452",2010-01-12 22:15:10,116531.35
"453",2010-01-12 22:15:20,116531.855
"454",2010-01-12 22:15:30,116531.745
"455",2010-01-12 22:15:40,116531.335
"456",2010-01-12 22:15:50,116532.435
"457",2010-01-12 22:16:00,116532.475
"458",2010-01-12 22:16:10,116533.335
"459",2010-01-12 22:16:20,116532.265
"460",2010-01-12 22:16:30,116531.955
"461",2010-01-12 22:16:40,116532.1
"462",2010-01-12 22:16:50,116532.515
"463",2010-01-12 22:17:00,116532.11
"464",2010-01-12 22:17:10,116532.46
"465",2010-01-12 22:17:20,116532.25
"466",2010-01-12 22:17:30,116531.69
"467",2010-01-12 22:17:40,116531.945
"468",2010-01-12 22:17:50,116531.895
"469",2010-01-12 22:18:00,116532.76
"470",2010-01-12 22:18:10,116531.955
"471",2010-01-12 22:18:20,116531.775
"472",2010-01-12 22:18:30,116531.18
"473",2010-01-12 22:18:40,116531.85
"474",2010-01-12 22:18:50,116532.05
"475",2010-01-12 22:19:00,116531.82
"476",2010-01-12 22:19:10,116532.005
"477",2010-01-12 22:19:20,116532.57
"478",2010-01-12 22:19:30,116532.535
"479",2010-01-12 22:19:40,116532.165
"480",2010-01-12 22:19:50,116531.905
"481",2010-01-12 22:20:00,116532.005
"482",2010-01-12 22:20:10,116531.855
"483",2010-01-12 22:20:20,116532.205
"484",2010-01-12 22:20:30,116532.085
"485",2010-01-12 22:20:40,116531.56
"486",2010-01-12 22:20:50,116531.59
"487",2010-01-12 22:21:00,116532.21
"488",2010-01-12 22:21:10,116532.455
"489",2010-01-12 22:21:20,116531.96
"490",2010-01-12 22:21:30,116531.605
"491",2010-01-12 22:21:40,116531.48
"492",2010-01-12 22:21:50,116532.01
"493",2010-01-12 22:22:00,116532.15
"494",2010-01-12 22:22:10,116531.88
"495",2010-01-12 22:22:20,116531.065
"496",2010-01-12 22:22:30,116532.34
"497",2010-01-12 22:22:40,116532.795
"498",2010-01-12 22:22:50,116531.44
"499",2010-01-12 22:23:00,116531.44
"500",2010-01-12 22:23:10,116531.44
"501",2010-01-12 22:23:20,116531.85
"502",2010-01-12 22:23:30,116531.51
"503",2010-01-12 22:23:40,116531.63
"504",2010-01-12 22:23:50,116532.33
"505",2010-01-12 22:24:00,116531.245
"506",2010-01-12 22:24:10,116530.995
"507",2010-01-12 22:24:20,116531.58
"508",2010-01-12 22:24:30,116531.96
"509",2010-01-12 22:24:40,116531.605
"510",2010-01-12 22:24:50,116532.15
"511",2010-01-12 22:25:00,116531.54
"512",2010-01-12 22:25:10,116531.275
"513",2010-01-12 22:25:20,116531.74
"514",2010-01-12 22:25:30,116531.525
"515",2010-01-12 22:25:40,116531.43
"516",2010-01-12 22:25:50,116531.07
"517",2010-01-12 22:26:00,116531.185
"518",2010-01-12 22:26:10,116531.645
"519",2010-01-12 22:26:20,116531.835
"520",2010-01-12 22:26:30,116530.375
"521",2010-01-12 22:26:40,116530.56
"522",2010-01-12 22:26:50,116531.02
"523",2010-01-12 22:27:00,116531.3
"524",2010-01-12 22:27:10,116530.5
"525",2010-01-12 22:27:20,116530.785
"526",2010-01-12 22:27:30,116531.16
"527",2010-01-12 22:27:40,116530.83
"528",2010-01-12 22:27:50,116530.595
"529",2010-01-12 22:28:00,116531.675
"530",2010-01-12 22:28:10,116531.56
"531",2010-01-12 22:28:20,116530.81
"532",2010-01-12 22:28:30,116531.52
"533",2010-01-12 22:28:40,116530.62
"534",2010-01-12 22:28:50,116531.745
"535",2010-01-12 22:29:00,116530.685
"536",2010-01-12 22:29:10,116530.725
"537",2010-01-12 22:29:20,116531.31
"538",2010-01-12 22:29:30,116531.46
"539",2010-01-12 22:29:40,116530.15
"540",2010-01-12 22:29:50,116530.845
"541",2010-01-12 22:30:00,116530.96
"542",2010-01-12 22:30:10,116531.09
"543",2010-01-12 22:30:20,116531.365
"544",2010-01-12 22:30:30,116531.045
"545",2010-01-12 22:30:40,116531.58
"546",2010-01-12 22:30:50,116532.025
"547",2010-01-12 22:31:00,116531.76
"548",2010-01-12 22:31:10,116531.445
"549",2010-01-12 22:31:20,116531.37
"550",2010-01-12 22:31:30,116531.94
"551",2010-01-12 22:31:40,116531.755
"552",2010-01-12 22:31:50,116531.375
"553",2010-01-12 22:32:00,116531.605
"554",2010-01-12 22:32:10,116531.815
"555",2010-01-12 22:32:20,116531.64
"556",2010-01-12 22:32:30,116531
"557",2010-01-12 22:32:40,116531.29
"558",2010-01-12 22:32:50,116531.485
"559",2010-01-12 22:33:00,116530.315
"560",2010-01-12 22:33:10,116531.43
"561",2010-01-12 22:33:20,116530.915
"562",2010-01-12 22:33:30,116531.095
"563",2010-01-12 22:33:40,116531.895
"564",2010-01-12 22:33:50,116531.63
"565",2010-01-12 22:34:00,116531.54
"566",2010-01-12 22:34:10,116530.345
"567",2010-01-12 22:34:20,116531.545
"568",2010-01-12 22:34:30,116531.195
"569",2010-01-12 22:34:40,116530.315
"570",2010-01-12 22:34:50,116531.01
"571",2010-01-12 22:35:00,116530.645
"572",2010-01-12 22:35:10,116530.765
"573",2010-01-12 22:35:20,116530.55
"574",2010-01-12 22:35:30,116530.385
"575",2010-01-12 22:35:40,116531.115
"576",2010-01-12 22:35:50,116530.795
"577",2010-01-12 22:36:00,116530.42
"578",2010-01-12 22:36:10,116530.27
"579",2010-01-12 22:36:20,116530.35
"580",2010-01-12 22:36:30,116529.62
"581",2010-01-12 22:36:40,116530.285
"582",2010-01-12 22:36:50,116529.81
"583",2010-01-12 22:37:00,116529.4
"584",2010-01-12 22:37:10,116530.01
"585",2010-01-12 22:37:20,116530.67
"586",2010-01-12 22:37:30,116530.39
"587",2010-01-12 22:37:40,116529.52
"588",2010-01-12 22:37:50,116530.715
"589",2010-01-12 22:38:00,116530.08
"590",2010-01-12 22:38:10,116530.455
"591",2010-01-12 22:38:20,116530.19
"592",2010-01-12 22:38:30,116530.09
"593",2010-01-12 22:38:40,116530.015
"594",2010-01-12 22:38:50,116530.625
"595",2010-01-12 22:39:00,116530.05
"596",2010-01-12 22:39:10,116530.82
"597",2010-01-12 22:39:20,116530.15
"598",2010-01-12 22:39:30,116530.655
"599",2010-01-12 22:39:40,116529.675
"600",2010-01-12 22:39:50,116529.4
"601",2010-01-12 22:40:00,116529.485
"602",2010-01-12 22:40:10,116529.93
"603",2010-01-12 22:40:20,116530.335
"604",2010-01-12 22:40:30,116529.88
"605",2010-01-12 22:40:40,116529.73
"606",2010-01-12 22:40:50,116529.795
"607",2010-01-12 22:41:00,116529.55
"608",2010-01-12 22:41:10,116529.59
"609",2010-01-12 22:41:20,116529.765
"610",2010-01-12 22:41:30,116529.375
"611",2010-01-12 22:41:40,116529.385
"612",2010-01-12 22:41:50,116529.62
"613",2010-01-12 22:42:00,116529.81
"614",2010-01-12 22:42:10,116529.33
"615",2010-01-12 22:42:20,116529.795
"616",2010-01-12 22:42:30,116529.78
"617",2010-01-12 22:42:40,116528.92
"618",2010-01-12 22:42:50,116529.87
"619",2010-01-12 22:43:00,116529.85
"620",2010-01-12 22:43:10,116529.655
"621",2010-01-12 22:43:20,116530.125
"622",2010-01-12 22:43:30,116530.005
"623",2010-01-12 22:43:40,116529.945
"624",2010-01-12 22:43:50,116529.18
"625",2010-01-12 22:44:00,116529.575
"626",2010-01-12 22:44:10,116529.495
"627",2010-01-12 22:44:20,116529.735
"628",2010-01-12 22:44:30,116529.935
"629",2010-01-12 22:44:40,116531.155
"630",2010-01-12 22:44:50,116531.08
"631",2010-01-12 22:45:00,116530.485
"632",2010-01-12 22:45:10,116529.5
"633",2010-01-12 22:45:20,116530.005
"634",2010-01-12 22:45:30,116530.47
"635",2010-01-12 22:45:40,116530.56
"636",2010-01-12 22:45:50,116530.14
"637",2010-01-12 22:46:00,116529.355
"638",2010-01-12 22:46:10,116530.31
"639",2010-01-12 22:46:20,116531.03
"640",2010-01-12 22:46:30,116529.98
"641",2010-01-12 22:46:40,116530.07
"642",2010-01-12 22:46:50,116530.445
"643",2010-01-12 22:47:00,116529.39
"644",2010-01-12 22:47:10,116530.04
"645",2010-01-12 22:47:20,116529.885
"646",2010-01-12 22:47:30,116529.955
"647",2010-01-12 22:47:40,116529.605
"648",2010-01-12 22:47:50,116529.385
"649",2010-01-12 22:48:00,116528.655
"650",2010-01-12 22:48:10,116529.17
"651",2010-01-12 22:48:20,116529.27
"652",2010-01-12 22:48:30,116529.905
"653",2010-01-12 22:48:40,116529.55
"654",2010-01-12 22:48:50,116529.475
"655",2010-01-12 22:49:00,116529.23
"656",2010-01-12 22:49:10,116528.25
"657",2010-01-12 22:49:20,116528.705
"658",2010-01-12 22:49:30,116528.455
"659",2010-01-12 22:49:40,116528.97
"660",2010-01-12 22:49:50,116528.42
"661",2010-01-12 22:50:00,116529.065
"662",2010-01-12 22:50:10,116528.825
"663",2010-01-12 22:50:20,116528.03
"664",2010-01-12 22:50:30,116528.27
"665",2010-01-12 22:50:40,116528.99
"666",2010-01-12 22:50:50,116528.645
"667",2010-01-12 22:51:00,116528.55
"668",2010-01-12 22:51:10,116528.67
"669",2010-01-12 22:51:20,116528.735
"670",2010-01-12 22:51:30,116528.14
"671",2010-01-12 22:51:40,116529.47
"672",2010-01-12 22:51:50,116528.785
"673",2010-01-12 22:52:00,116528.27
"674",2010-01-12 22:52:10,116529.28
"675",2010-01-12 22:52:20,116529.085
"676",2010-01-12 22:52:30,116527.875
"677",2010-01-12 22:52:40,116528.09
"678",2010-01-12 22:52:50,116528.235
"679",2010-01-12 22:53:00,116528.105
"680",2010-01-12 22:53:10,116528.025
"681",2010-01-12 22:53:20,116528.335
"682",2010-01-12 22:53:30,116528
"683",2010-01-12 22:53:40,116528.555
"684",2010-01-12 22:53:50,116528.68
"685",2010-01-12 22:54:00,116528.945
"686",2010-01-12 22:54:10,116528.615
"687",2010-01-12 22:54:20,116528.22
"688",2010-01-12 22:54:30,116528.335
"689",2010-01-12 22:54:40,116528.19
"690",2010-01-12 22:54:50,116528.74
"691",2010-01-12 22:55:00,116529.035
"692",2010-01-12 22:55:10,116529.26
"693",2010-01-12 22:55:20,116528.33
"694",2010-01-12 22:55:30,116529.305
"695",2010-01-12 22:55:40,116528.54
"696",2010-01-12 22:55:50,116528.395
"697",2010-01-12 22:56:00,116528.71
"698",2010-01-12 22:56:10,116528.74
"699",2010-01-12 22:56:20,116528.305
"700",2010-01-12 22:56:30,116528.185
"701",2010-01-12 22:56:40,116528.47
"702",2010-01-12 22:56:50,116528.415
"703",2010-01-12 22:57:00,116528.11
"704",2010-01-12 22:57:10,116527.26
"705",2010-01-12 22:57:20,116527.88
"706",2010-01-12 22:57:30,116527.54
"707",2010-01-12 22:57:40,116527.685
"708",2010-01-12 22:57:50,116527.175
"709",2010-01-12 22:58:00,116528.095
"710",2010-01-12 22:58:10,116527.775
"711",2010-01-12 22:58:20,116527.175
"712",2010-01-12 22:58:30,116527.59
"713",2010-01-12 22:58:40,116527.58
"714",2010-01-12 22:58:50,116527.56
"715",2010-01-12 22:59:00,116527.435
"716",2010-01-12 22:59:10,116527.77
"717",2010-01-12 22:59:20,116527.635
"718",2010-01-12 22:59:30,116527.555
"719",2010-01-12 22:59:40,116528.13
"720",2010-01-12 22:59:50,116526.845
"721",2010-01-12 23:00:00,116527.355
"722",2010-01-12 23:00:10,116526.51
"723",2010-01-12 23:00:20,116527.685
"724",2010-01-12 23:00:30,116527.395
"725",2010-01-12 23:00:40,116526.945
"726",2010-01-12 23:00:50,116527.7
"727",2010-01-12 23:01:00,116527.09
"728",2010-01-12 23:01:10,116527.175
"729",2010-01-12 23:01:20,116528.19
"730",2010-01-12 23:01:30,116527.97
"731",2010-01-12 23:01:40,116526.545
"732",2010-01-12 23:01:50,116526.02
"733",2010-01-12 23:02:00,116527.105
"734",2010-01-12 23:02:10,116526.685
"735",2010-01-12 23:02:20,116526.43
"736",2010-01-12 23:02:30,116526.83
"737",2010-01-12 23:02:40,116526.79
"738",2010-01-12 23:02:50,116526.68
"739",2010-01-12 23:03:00,116526.55
"740",2010-01-12 23:03:10,116525.785
"741",2010-01-12 23:03:20,116526.34
"742",2010-01-12 23:03:30,116525.85
"743",2010-01-12 23:03:40,116526.205
"744",2010-01-12 23:03:50,116526.12
"745",2010-01-12 23:04:00,116525.955
"746",2010-01-12 23:04:10,116525.81
"747",2010-01-12 23:04:20,116526
"748",2010-01-12 23:04:30,116525.43
"749",2010-01-12 23:04:40,116526.04
"750",2010-01-12 23:04:50,116526.105
"751",2010-01-12 23:05:00,116526.795
"752",2010-01-12 23:05:10,116525.815
"753",2010-01-12 23:05:20,116524.82
"754",2010-01-12 23:05:30,116525.845
"755",2010-01-12 23:05:40,116526.54
"756",2010-01-12 23:05:50,116526.35
"757",2010-01-12 23:06:00,116525.265
"758",2010-01-12 23:06:10,116524.895
"759",2010-01-12 23:06:20,116524.665
"760",2010-01-12 23:06:30,116525.24
"761",2010-01-12 23:06:40,116524.76
"762",2010-01-12 23:06:50,116525.56
"763",2010-01-12 23:07:00,116525.445
"764",2010-01-12 23:07:10,116524.605
"765",2010-01-12 23:07:20,116525.19
"766",2010-01-12 23:07:30,116525.68
"767",2010-01-12 23:07:40,116525.22
"768",2010-01-12 23:07:50,116525.715
"769",2010-01-12 23:08:00,116525.18
"770",2010-01-12 23:08:10,116524.85
"771",2010-01-12 23:08:20,116525.195
"772",2010-01-12 23:08:30,116525.455
"773",2010-01-12 23:08:40,116525.52
"774",2010-01-12 23:08:50,116526.02
"775",2010-01-12 23:09:00,116524.06
"776",2010-01-12 23:09:10,116525.025
"777",2010-01-12 23:09:20,116525.375
"778",2010-01-12 23:09:30,116525.055
"779",2010-01-12 23:09:40,116524.545
"780",2010-01-12 23:09:50,116525.375
"781",2010-01-12 23:10:00,116525.865
"782",2010-01-12 23:10:10,116524.87
"783",2010-01-12 23:10:20,116524.53
"784",2010-01-12 23:10:30,116524.435
"785",2010-01-12 23:10:40,116524.525
"786",2010-01-12 23:10:50,116525.14
"787",2010-01-12 23:11:00,116524.105
"788",2010-01-12 23:11:10,116524.325
"789",2010-01-12 23:11:20,116524.67
"790",2010-01-12 23:11:30,116523.98
"791",2010-01-12 23:11:40,116524.94
"792",2010-01-12 23:11:50,116523.785
"793",2010-01-12 23:12:00,116524.56
"794",2010-01-12 23:12:10,116523.645
"795",2010-01-12 23:12:20,116523.705
"796",2010-01-12 23:12:30,116524.255
"797",2010-01-12 23:12:40,116523.585
"798",2010-01-12 23:12:50,116523.795
"799",2010-01-12 23:13:00,116523.4
"800",2010-01-12 23:13:10,116524.505
"801",2010-01-12 23:13:20,116524.345
"802",2010-01-12 23:13:30,116523.755
"803",2010-01-12 23:13:40,116523.7
"804",2010-01-12 23:13:50,116523.61
"805",2010-01-12 23:14:00,116523.745
"806",2010-01-12 23:14:10,116522.76
"807",2010-01-12 23:14:20,116522.585
"808",2010-01-12 23:14:30,116523.55
"809",2010-01-12 23:14:40,116523.39
"810",2010-01-12 23:14:50,116523.315
"811",2010-01-12 23:15:00,116523.275
"812",2010-01-12 23:15:10,116522.335
"813",2010-01-12 23:15:20,116522.45
"814",2010-01-12 23:15:30,116522.45
"815",2010-01-12 23:15:40,116522.49
"816",2010-01-12 23:15:50,116523.385
"817",2010-01-12 23:16:00,116522.61
"818",2010-01-12 23:16:10,116522.645
"819",2010-01-12 23:16:20,116522.73
"820",2010-01-12 23:16:30,116522.25
"821",2010-01-12 23:16:40,116522
"822",2010-01-12 23:16:50,116522.355
"823",2010-01-12 23:17:00,116522.39
"824",2010-01-12 23:17:10,116522.915
"825",2010-01-12 23:17:20,116521.71
"826",2010-01-12 23:17:30,116522.26
"827",2010-01-12 23:17:40,116522.16
"828",2010-01-12 23:17:50,116521.97
"829",2010-01-12 23:18:00,116521.76
"830",2010-01-12 23:18:10,116523.065
"831",2010-01-12 23:18:20,116521.87
"832",2010-01-12 23:18:30,116521.03
"833",2010-01-12 23:18:40,116521.22
"834",2010-01-12 23:18:50,116521.695
"835",2010-01-12 23:19:00,116521.64
"836",2010-01-12 23:19:10,116521.595
"837",2010-01-12 23:19:20,116522.235
"838",2010-01-12 23:19:30,116521.91
"839",2010-01-12 23:19:40,116522.2
"840",2010-01-12 23:19:50,116521.415
"841",2010-01-12 23:20:00,116521.775
"842",2010-01-12 23:20:10,116521.93
"843",2010-01-12 23:20:20,116521.85
"844",2010-01-12 23:20:30,116521.135
"845",2010-01-12 23:20:40,116521.9
"846",2010-01-12 23:20:50,116521.985
"847",2010-01-12 23:21:00,116521.77
"848",2010-01-12 23:21:10,116521.28
"849",2010-01-12 23:21:20,116520.855
"850",2010-01-12 23:21:30,116520.98
"851",2010-01-12 23:21:40,116521.45
"852",2010-01-12 23:21:50,116521.51
"853",2010-01-12 23:22:00,116521.025
"854",2010-01-12 23:22:10,116520.59
"855",2010-01-12 23:22:20,116520.625
"856",2010-01-12 23:22:30,116520.31
"857",2010-01-12 23:22:40,116520.095
"858",2010-01-12 23:22:50,116520.155
"859",2010-01-12 23:23:00,116519.98
"860",2010-01-12 23:23:10,116519.98
"861",2010-01-12 23:23:20,116520.045
"862",2010-01-12 23:23:30,116520.43
"863",2010-01-12 23:23:40,116519.885
"864",2010-01-12 23:23:50,116520.22
"865",2010-01-12 23:24:00,116519.825
"866",2010-01-12 23:24:10,116519.545
"867",2010-01-12 23:24:20,116519.51
"868",2010-01-12 23:24:30,116519.065
"869",2010-01-12 23:24:40,116518.5
"870",2010-01-12 23:24:50,116519.145
"871",2010-01-12 23:25:00,116519.165
"872",2010-01-12 23:25:10,116519.51
"873",2010-01-12 23:25:20,116519.66
"874",2010-01-12 23:25:30,116519.71
"875",2010-01-12 23:25:40,116519.775
"876",2010-01-12 23:25:50,116520.82
"877",2010-01-12 23:26:00,116519.355
"878",2010-01-12 23:26:10,116520.465
"879",2010-01-12 23:26:20,116519.245
"880",2010-01-12 23:26:30,116519.355
"881",2010-01-12 23:26:40,116519.64
"882",2010-01-12 23:26:50,116519.035
"883",2010-01-12 23:27:00,116518.88
"884",2010-01-12 23:27:10,116519.33
"885",2010-01-12 23:27:20,116519.455
"886",2010-01-12 23:27:30,116519.25
"887",2010-01-12 23:27:40,116519.68
"888",2010-01-12 23:27:50,116518.925
"889",2010-01-12 23:28:00,116519.28
"890",2010-01-12 23:28:10,116519.52
"891",2010-01-12 23:28:20,116518.87
"892",2010-01-12 23:28:30,116518.93
"893",2010-01-12 23:28:40,116519.365
"894",2010-01-12 23:28:50,116518.18
"895",2010-01-12 23:29:00,116518.71
"896",2010-01-12 23:29:10,116518.44
"897",2010-01-12 23:29:20,116518.505
"898",2010-01-12 23:29:30,116519.03
"899",2010-01-12 23:29:40,116518.77
"900",2010-01-12 23:29:50,116518.645
"901",2010-01-12 23:30:00,116519.3
"902",2010-01-12 23:30:10,116519.365
"903",2010-01-12 23:30:20,116519.45
"904",2010-01-12 23:30:30,116519.915
"905",2010-01-12 23:30:40,116519.2
"906",2010-01-12 23:30:50,116519.12
"907",2010-01-12 23:31:00,116519.14
"908",2010-01-12 23:31:10,116518.305
"909",2010-01-12 23:31:20,116518.45
"910",2010-01-12 23:31:30,116518.59
"911",2010-01-12 23:31:40,116518.42
"912",2010-01-12 23:31:50,116518.115
"913",2010-01-12 23:32:00,116517.985
"914",2010-01-12 23:32:10,116518.72
"915",2010-01-12 23:32:20,116519.425
"916",2010-01-12 23:32:30,116518.755
"917",2010-01-12 23:32:40,116519.025
"918",2010-01-12 23:32:50,116517.71
"919",2010-01-12 23:33:00,116517.91
"920",2010-01-12 23:33:10,116517.725
"921",2010-01-12 23:33:20,116517.865
"922",2010-01-12 23:33:30,116518.07
"923",2010-01-12 23:33:40,116518.965
"924",2010-01-12 23:33:50,116518.93
"925",2010-01-12 23:34:00,116518.125
"926",2010-01-12 23:34:10,116517.545
"927",2010-01-12 23:34:20,116517.225
"928",2010-01-12 23:34:30,116516.79
"929",2010-01-12 23:34:40,116517.48
"930",2010-01-12 23:34:50,116518.275
"931",2010-01-12 23:35:00,116517.845
"932",2010-01-12 23:35:10,116517.345
"933",2010-01-12 23:35:20,116517.64
"934",2010-01-12 23:35:30,116517.35
"935",2010-01-12 23:35:40,116517.835
"936",2010-01-12 23:35:50,116517.145
"937",2010-01-12 23:36:00,116517.405
"938",2010-01-12 23:36:10,116516.835
"939",2010-01-12 23:36:20,116516.87
"940",2010-01-12 23:36:30,116516.265
"941",2010-01-12 23:36:40,116517.06
"942",2010-01-12 23:36:50,116517.21
"943",2010-01-12 23:37:00,116516.545
"944",2010-01-12 23:37:10,116516.03
"945",2010-01-12 23:37:20,116516
"946",2010-01-12 23:37:30,116517.15
"947",2010-01-12 23:37:40,116516.795
"948",2010-01-12 23:37:50,116517.565
"949",2010-01-12 23:38:00,116517.49
"950",2010-01-12 23:38:10,116516.605
"951",2010-01-12 23:38:20,116516.995
"952",2010-01-12 23:38:30,116517.47
"953",2010-01-12 23:38:40,116516.735
"954",2010-01-12 23:38:50,116516.415
"955",2010-01-12 23:39:00,116516.81
"956",2010-01-12 23:39:10,116516.495
"957",2010-01-12 23:39:20,116515.96
"958",2010-01-12 23:39:30,116515.83
"959",2010-01-12 23:39:40,116515.68
"960",2010-01-12 23:39:50,116516.1
"961",2010-01-12 23:40:00,116516.285
"962",2010-01-12 23:40:10,116516.04
"963",2010-01-12 23:40:20,116515.885
"964",2010-01-12 23:40:30,116516.345
"965",2010-01-12 23:40:40,116516.05
"966",2010-01-12 23:40:50,116516.01
"967",2010-01-12 23:41:00,116515.345
"968",2010-01-12 23:41:10,116515.055
"969",2010-01-12 23:41:20,116515.5
"970",2010-01-12 23:41:30,116515.66
"971",2010-01-12 23:41:40,116516.56
"972",2010-01-12 23:41:50,116515.295
"973",2010-01-12 23:42:00,116515.05
"974",2010-01-12 23:42:10,116514.895
"975",2010-01-12 23:42:20,116514.74
"976",2010-01-12 23:42:30,116514.68
"977",2010-01-12 23:42:40,116514.87
"978",2010-01-12 23:42:50,116515.71
"979",2010-01-12 23:43:00,116515.525
"980",2010-01-12 23:43:10,116515.205
"981",2010-01-12 23:43:20,116513.6
"982",2010-01-12 23:43:30,116509.375
"983",2010-01-12 23:43:40,116509.3
"984",2010-01-12 23:43:50,116508.69
"985",2010-01-12 23:44:00,116507.835
"986",2010-01-12 23:44:10,116507.545
"987",2010-01-12 23:44:20,116506.93
"988",2010-01-12 23:44:30,116507.27
"989",2010-01-12 23:44:40,116507.055
"990",2010-01-12 23:44:50,116507.61
"991",2010-01-12 23:45:00,116508.445
"992",2010-01-12 23:45:10,116507.48
"993",2010-01-12 23:45:20,116507.93
"994",2010-01-12 23:45:30,116507.875
"995",2010-01-12 23:45:40,116508.35
"996",2010-01-12 23:45:50,116508.19
"997",2010-01-12 23:46:00,116507.685
"998",2010-01-12 23:46:10,116507.63
"999",2010-01-12 23:46:20,116507.17
"1000",2010-01-12 23:46:30,116507.705
"1001",2010-01-12 23:46:40,116507.935
"1002",2010-01-12 23:46:50,116508.1
"1003",2010-01-12 23:47:00,116507.045
"1004",2010-01-12 23:47:10,116507.47
"1005",2010-01-12 23:47:20,116507.855
"1006",2010-01-12 23:47:30,116507.605
"1007",2010-01-12 23:47:40,116505.885
"1008",2010-01-12 23:47:50,116505.155
"1009",2010-01-12 23:48:00,116505.605
"1010",2010-01-12 23:48:10,116505.745
"1011",2010-01-12 23:48:20,116506.29
"1012",2010-01-12 23:48:30,116505.83
"1013",2010-01-12 23:48:40,116505.565
"1014",2010-01-12 23:48:50,116505.285
"1015",2010-01-12 23:49:00,116505.425
"1016",2010-01-12 23:49:10,116505.545
"1017",2010-01-12 23:49:20,116505.04
"1018",2010-01-12 23:49:30,116505.345
"1019",2010-01-12 23:49:40,116505.28
"1020",2010-01-12 23:49:50,116504.69
"1021",2010-01-12 23:50:00,116504.27
"1022",2010-01-12 23:50:10,116503.64
"1023",2010-01-12 23:50:20,116504.025
"1024",2010-01-12 23:50:30,116504.405
"1025",2010-01-12 23:50:40,116505.515
"1026",2010-01-12 23:50:50,116505.35
"1027",2010-01-12 23:51:00,116505.24
"1028",2010-01-12 23:51:10,116505.075
"1029",2010-01-12 23:51:20,116504.705
"1030",2010-01-12 23:51:30,116505.465
"1031",2010-01-12 23:51:40,116504.295
"1032",2010-01-12 23:51:50,116505.71
"1033",2010-01-12 23:52:00,116504.28
"1034",2010-01-12 23:52:10,116504.3
"1035",2010-01-12 23:52:20,116503.995
"1036",2010-01-12 23:52:30,116505.25
"1037",2010-01-12 23:52:40,116505.465
"1038",2010-01-12 23:52:50,116504.54
"1039",2010-01-12 23:53:00,116504.51
"1040",2010-01-12 23:53:10,116503.735
"1041",2010-01-12 23:53:20,116503.555
"1042",2010-01-12 23:53:30,116503.765
"1043",2010-01-12 23:53:40,116503.64
"1044",2010-01-12 23:53:50,116504.28
"1045",2010-01-12 23:54:00,116503.515
"1046",2010-01-12 23:54:10,116504.72
"1047",2010-01-12 23:54:20,116504.36
"1048",2010-01-12 23:54:30,116504.055
"1049",2010-01-12 23:54:40,116503.345
"1050",2010-01-12 23:54:50,116504.115
"1051",2010-01-12 23:55:00,116504.14
"1052",2010-01-12 23:55:10,116504.115
"1053",2010-01-12 23:55:20,116504.46
"1054",2010-01-12 23:55:30,116504.335
"1055",2010-01-12 23:55:40,116503.865
"1056",2010-01-12 23:55:50,116503.75
"1057",2010-01-12 23:56:00,116503.885
"1058",2010-01-12 23:56:10,116503.63
"1059",2010-01-12 23:56:20,116503.75
"1060",2010-01-12 23:56:30,116504.085
"1061",2010-01-12 23:56:40,116504
"1062",2010-01-12 23:56:50,116503.965
"1063",2010-01-12 23:57:00,116503.885
"1064",2010-01-12 23:57:10,116504.03
"1065",2010-01-12 23:57:20,116503.73
"1066",2010-01-12 23:57:30,116502.94
"1067",2010-01-12 23:57:40,116502.685
"1068",2010-01-12 23:57:50,116502.415
"1069",2010-01-12 23:58:00,116503.34
"1070",2010-01-12 23:58:10,116502.595
"1071",2010-01-12 23:58:20,116502.76
"1072",2010-01-12 23:58:30,116503.925
"1073",2010-01-12 23:58:40,116503.735
"1074",2010-01-12 23:58:50,116503.365
"1075",2010-01-12 23:59:00,116502.755
"1076",2010-01-12 23:59:10,116502.59
"1077",2010-01-12 23:59:20,116503.41
"1078",2010-01-12 23:59:30,116502.915
"1079",2010-01-12 23:59:40,116503.125
"1080",2010-01-12 23:59:50,116502.541899441
