"","DateTime","PR.CRPR..BHZ.M"
"1",2010-01-12 21:00:00,2855.3
"2",2010-01-12 21:00:01,2860.35
"3",2010-01-12 21:00:02,2907.9
"4",2010-01-12 21:00:03,3148.55
"5",2010-01-12 21:00:04,2968.1
"6",2010-01-12 21:00:05,2703.55
"7",2010-01-12 21:00:06,2958.25
"8",2010-01-12 21:00:07,3032.5
"9",2010-01-12 21:00:08,3021.85
"10",2010-01-12 21:00:09,2615.9
"11",2010-01-12 21:00:10,2873.5
"12",2010-01-12 21:00:11,2863.75
"13",2010-01-12 21:00:12,2927.25
"14",2010-01-12 21:00:13,2989.1
"15",2010-01-12 21:00:14,2661.3
"16",2010-01-12 21:00:15,2801.55
"17",2010-01-12 21:00:16,3042.75
"18",2010-01-12 21:00:17,2810
"19",2010-01-12 21:00:18,2619.9
"20",2010-01-12 21:00:19,3216.5
"21",2010-01-12 21:00:20,2983.9
"22",2010-01-12 21:00:21,2517.2
"23",2010-01-12 21:00:22,2939.15
"24",2010-01-12 21:00:23,3024.25
"25",2010-01-12 21:00:24,3044.55
"26",2010-01-12 21:00:25,2712.95
"27",2010-01-12 21:00:26,2885.1
"28",2010-01-12 21:00:27,2994.8
"29",2010-01-12 21:00:28,2957.35
"30",2010-01-12 21:00:29,3097.05
"31",2010-01-12 21:00:30,2584.55
"32",2010-01-12 21:00:31,2983.8
"33",2010-01-12 21:00:32,3207.2
"34",2010-01-12 21:00:33,2542.45
"35",2010-01-12 21:00:34,3155
"36",2010-01-12 21:00:35,2868.15
"37",2010-01-12 21:00:36,2867.95
"38",2010-01-12 21:00:37,3051.35
"39",2010-01-12 21:00:38,2609.85
"40",2010-01-12 21:00:39,3032.9
"41",2010-01-12 21:00:40,3105.05
"42",2010-01-12 21:00:41,2770.25
"43",2010-01-12 21:00:42,2962.25
"44",2010-01-12 21:00:43,2922.05
"45",2010-01-12 21:00:44,2983.4
"46",2010-01-12 21:00:45,2935.85
"47",2010-01-12 21:00:46,2626.55
"48",2010-01-12 21:00:47,3027.6
"49",2010-01-12 21:00:48,3153.35
"50",2010-01-12 21:00:49,2824.85
"51",2010-01-12 21:00:50,2942.85
"52",2010-01-12 21:00:51,2602.55
"53",2010-01-12 21:00:52,3019.85
"54",2010-01-12 21:00:53,3274.9
"55",2010-01-12 21:00:54,2689.1
"56",2010-01-12 21:00:55,2758.1
"57",2010-01-12 21:00:56,2912.35
"58",2010-01-12 21:00:57,2864.3
"59",2010-01-12 21:00:58,3200.25
"60",2010-01-12 21:00:59,2921.55
"61",2010-01-12 21:01:00,2422.6
"62",2010-01-12 21:01:01,2915.75
"63",2010-01-12 21:01:02,3370.7
"64",2010-01-12 21:01:03,2893
"65",2010-01-12 21:01:04,2662.05
"66",2010-01-12 21:01:05,2241.6
"67",2010-01-12 21:01:06,3324.45
"68",2010-01-12 21:01:07,3109.95
"69",2010-01-12 21:01:08,2687.1
"70",2010-01-12 21:01:09,2629.35
"71",2010-01-12 21:01:10,2633.95
"72",2010-01-12 21:01:11,3141.05
"73",2010-01-12 21:01:12,3165.55
"74",2010-01-12 21:01:13,2744.3
"75",2010-01-12 21:01:14,2595.7
"76",2010-01-12 21:01:15,2979.35
"77",2010-01-12 21:01:16,3071.7
"78",2010-01-12 21:01:17,3116.6
"79",2010-01-12 21:01:18,2644.45
"80",2010-01-12 21:01:19,2499.6
"81",2010-01-12 21:01:20,3181.5
"82",2010-01-12 21:01:21,3247.05
"83",2010-01-12 21:01:22,2716.1
"84",2010-01-12 21:01:23,2440.85
"85",2010-01-12 21:01:24,2720.4
"86",2010-01-12 21:01:25,3033.6
"87",2010-01-12 21:01:26,3209.75
"88",2010-01-12 21:01:27,2779.15
"89",2010-01-12 21:01:28,2283.75
"90",2010-01-12 21:01:29,2769.4
"91",2010-01-12 21:01:30,3479.45
"92",2010-01-12 21:01:31,3187
"93",2010-01-12 21:01:32,2279.8
"94",2010-01-12 21:01:33,2736.5
"95",2010-01-12 21:01:34,3245.5
"96",2010-01-12 21:01:35,3235.9
"97",2010-01-12 21:01:36,2706.65
"98",2010-01-12 21:01:37,2447.65
"99",2010-01-12 21:01:38,3198.35
"100",2010-01-12 21:01:39,3143.15
"101",2010-01-12 21:01:40,2815.5
"102",2010-01-12 21:01:41,2753.85
"103",2010-01-12 21:01:42,2811.6
"104",2010-01-12 21:01:43,3072.7
"105",2010-01-12 21:01:44,2799.1
"106",2010-01-12 21:01:45,3057.15
"107",2010-01-12 21:01:46,2792.85
"108",2010-01-12 21:01:47,2959.65
"109",2010-01-12 21:01:48,2980.1
"110",2010-01-12 21:01:49,2776.45
"111",2010-01-12 21:01:50,2949
"112",2010-01-12 21:01:51,2847.35
"113",2010-01-12 21:01:52,3186.9
"114",2010-01-12 21:01:53,2748.05
"115",2010-01-12 21:01:54,2826.45
"116",2010-01-12 21:01:55,3126.4
"117",2010-01-12 21:01:56,2765.85
"118",2010-01-12 21:01:57,2794
"119",2010-01-12 21:01:58,3068
"120",2010-01-12 21:01:59,2949.3
"121",2010-01-12 21:02:00,2729.05
"122",2010-01-12 21:02:01,2796.9
"123",2010-01-12 21:02:02,3061.55
"124",2010-01-12 21:02:03,2815.1
"125",2010-01-12 21:02:04,2876.85
"126",2010-01-12 21:02:05,2814.45
"127",2010-01-12 21:02:06,2890.95
"128",2010-01-12 21:02:07,2669.1
"129",2010-01-12 21:02:08,3140.3
"130",2010-01-12 21:02:09,2943.75
"131",2010-01-12 21:02:10,2791.35
"132",2010-01-12 21:02:11,2720.05
"133",2010-01-12 21:02:12,2965.2
"134",2010-01-12 21:02:13,3254.1
"135",2010-01-12 21:02:14,2903.15
"136",2010-01-12 21:02:15,2502.45
"137",2010-01-12 21:02:16,2821.75
"138",2010-01-12 21:02:17,3156.85
"139",2010-01-12 21:02:18,2978.1
"140",2010-01-12 21:02:19,2734.2
"141",2010-01-12 21:02:20,2907.8
"142",2010-01-12 21:02:21,2759.6
"143",2010-01-12 21:02:22,2974.9
"144",2010-01-12 21:02:23,2904.75
"145",2010-01-12 21:02:24,2988.95
"146",2010-01-12 21:02:25,2957.05
"147",2010-01-12 21:02:26,2691.25
"148",2010-01-12 21:02:27,3044
"149",2010-01-12 21:02:28,2705.75
"150",2010-01-12 21:02:29,2992.35
"151",2010-01-12 21:02:30,2795.75
"152",2010-01-12 21:02:31,2859.55
"153",2010-01-12 21:02:32,3069.2
"154",2010-01-12 21:02:33,2749.55
"155",2010-01-12 21:02:34,2732.7
"156",2010-01-12 21:02:35,3073.55
"157",2010-01-12 21:02:36,3081.1
"158",2010-01-12 21:02:37,2731.7
"159",2010-01-12 21:02:38,2667.1
"160",2010-01-12 21:02:39,3292.8
"161",2010-01-12 21:02:40,3084.5
"162",2010-01-12 21:02:41,2568.9
"163",2010-01-12 21:02:42,2817.35
"164",2010-01-12 21:02:43,3168.75
"165",2010-01-12 21:02:44,2761.6
"166",2010-01-12 21:02:45,3103.55
"167",2010-01-12 21:02:46,2797.35
"168",2010-01-12 21:02:47,2608.55
"169",2010-01-12 21:02:48,3336.6
"170",2010-01-12 21:02:49,2691.95
"171",2010-01-12 21:02:50,2895.25
"172",2010-01-12 21:02:51,2944.75
"173",2010-01-12 21:02:52,2817.6
"174",2010-01-12 21:02:53,2679.6
"175",2010-01-12 21:02:54,2682.05
"176",2010-01-12 21:02:55,2902.8
"177",2010-01-12 21:02:56,2993.35
"178",2010-01-12 21:02:57,2930.05
"179",2010-01-12 21:02:58,2623.15
"180",2010-01-12 21:02:59,2684.1
"181",2010-01-12 21:03:00,3201.65
"182",2010-01-12 21:03:01,3202.45
"183",2010-01-12 21:03:02,2628.35
"184",2010-01-12 21:03:03,2587.35
"185",2010-01-12 21:03:04,3010.15
"186",2010-01-12 21:03:05,3266.35
"187",2010-01-12 21:03:06,3097.4
"188",2010-01-12 21:03:07,2502.95
"189",2010-01-12 21:03:08,2697.45
"190",2010-01-12 21:03:09,3144.3
"191",2010-01-12 21:03:10,2970.25
"192",2010-01-12 21:03:11,2843.85
"193",2010-01-12 21:03:12,2557.95
"194",2010-01-12 21:03:13,2986.5
"195",2010-01-12 21:03:14,3126
"196",2010-01-12 21:03:15,2744.5
"197",2010-01-12 21:03:16,2561.2
"198",2010-01-12 21:03:17,3058.8
"199",2010-01-12 21:03:18,2742.2
"200",2010-01-12 21:03:19,2709.35
"201",2010-01-12 21:03:20,3539.75
"202",2010-01-12 21:03:21,2960.1
"203",2010-01-12 21:03:22,2122.6
"204",2010-01-12 21:03:23,3045.05
"205",2010-01-12 21:03:24,3214.2
"206",2010-01-12 21:03:25,2932.65
"207",2010-01-12 21:03:26,2735.5
"208",2010-01-12 21:03:27,2437.5
"209",2010-01-12 21:03:28,3269.25
"210",2010-01-12 21:03:29,3192.15
"211",2010-01-12 21:03:30,2742.95
"212",2010-01-12 21:03:31,2853.05
"213",2010-01-12 21:03:32,2669.6
"214",2010-01-12 21:03:33,3006.85
"215",2010-01-12 21:03:34,3110.45
"216",2010-01-12 21:03:35,2943.65
"217",2010-01-12 21:03:36,2584.75
"218",2010-01-12 21:03:37,3120
"219",2010-01-12 21:03:38,3211.5
"220",2010-01-12 21:03:39,2435.1
"221",2010-01-12 21:03:40,2699.4
"222",2010-01-12 21:03:41,3217.55
"223",2010-01-12 21:03:42,2966.9
"224",2010-01-12 21:03:43,2563.5
"225",2010-01-12 21:03:44,2999.55
"226",2010-01-12 21:03:45,2746.2
"227",2010-01-12 21:03:46,2783.85
"228",2010-01-12 21:03:47,3000.75
"229",2010-01-12 21:03:48,2714.7
"230",2010-01-12 21:03:49,2944.8
"231",2010-01-12 21:03:50,2865.45
"232",2010-01-12 21:03:51,2848.85
"233",2010-01-12 21:03:52,2873.8
"234",2010-01-12 21:03:53,2890.45
"235",2010-01-12 21:03:54,3081.75
"236",2010-01-12 21:03:55,2924.5
"237",2010-01-12 21:03:56,2775.25
"238",2010-01-12 21:03:57,2655.45
"239",2010-01-12 21:03:58,3032.35
"240",2010-01-12 21:03:59,3026.9
"241",2010-01-12 21:04:00,2683.3
"242",2010-01-12 21:04:01,2856.3
"243",2010-01-12 21:04:02,2716
"244",2010-01-12 21:04:03,3060.3
"245",2010-01-12 21:04:04,3146.85
"246",2010-01-12 21:04:05,2671.55
"247",2010-01-12 21:04:06,2573.3
"248",2010-01-12 21:04:07,3190.65
"249",2010-01-12 21:04:08,2875.35
"250",2010-01-12 21:04:09,2794
"251",2010-01-12 21:04:10,2933.45
"252",2010-01-12 21:04:11,2840.65
"253",2010-01-12 21:04:12,2832.65
"254",2010-01-12 21:04:13,3127.85
"255",2010-01-12 21:04:14,2774.85
"256",2010-01-12 21:04:15,2813.7
"257",2010-01-12 21:04:16,3133.6
"258",2010-01-12 21:04:17,2905.05
"259",2010-01-12 21:04:18,2804.4
"260",2010-01-12 21:04:19,3063.9
"261",2010-01-12 21:04:20,2561.55
"262",2010-01-12 21:04:21,2904.45
"263",2010-01-12 21:04:22,3598.8
"264",2010-01-12 21:04:23,2254.8
"265",2010-01-12 21:04:24,2739.15
"266",2010-01-12 21:04:25,3319.4
"267",2010-01-12 21:04:26,2880.5
"268",2010-01-12 21:04:27,2762.3
"269",2010-01-12 21:04:28,2988.45
"270",2010-01-12 21:04:29,2772.3
"271",2010-01-12 21:04:30,2873.85
"272",2010-01-12 21:04:31,3266.5
"273",2010-01-12 21:04:32,2855.65
"274",2010-01-12 21:04:33,2541.55
"275",2010-01-12 21:04:34,2976.15
"276",2010-01-12 21:04:35,2916.05
"277",2010-01-12 21:04:36,2936.35
"278",2010-01-12 21:04:37,2905.95
"279",2010-01-12 21:04:38,2659.05
"280",2010-01-12 21:04:39,3044
"281",2010-01-12 21:04:40,3112.05
"282",2010-01-12 21:04:41,2622.5
"283",2010-01-12 21:04:42,2787.15
"284",2010-01-12 21:04:43,3096.8
"285",2010-01-12 21:04:44,2923.15
"286",2010-01-12 21:04:45,3049.35
"287",2010-01-12 21:04:46,2562.9
"288",2010-01-12 21:04:47,2733.75
"289",2010-01-12 21:04:48,3118.4
"290",2010-01-12 21:04:49,2714.45
"291",2010-01-12 21:04:50,3073.5
"292",2010-01-12 21:04:51,2470.65
"293",2010-01-12 21:04:52,3021.4
"294",2010-01-12 21:04:53,3145.8
"295",2010-01-12 21:04:54,2722.35
"296",2010-01-12 21:04:55,2651.7
"297",2010-01-12 21:04:56,2788.25
"298",2010-01-12 21:04:57,3153.6
"299",2010-01-12 21:04:58,2908.05
"300",2010-01-12 21:04:59,2842.75
"301",2010-01-12 21:05:00,2641.85
"302",2010-01-12 21:05:01,3226.4
"303",2010-01-12 21:05:02,2956.6
"304",2010-01-12 21:05:03,2776.45
"305",2010-01-12 21:05:04,2596.2
"306",2010-01-12 21:05:05,3226.25
"307",2010-01-12 21:05:06,2925.95
"308",2010-01-12 21:05:07,3053.8
"309",2010-01-12 21:05:08,2942.6
"310",2010-01-12 21:05:09,2428.35
"311",2010-01-12 21:05:10,3362.1
"312",2010-01-12 21:05:11,3070.95
"313",2010-01-12 21:05:12,2794.25
"314",2010-01-12 21:05:13,2597.75
"315",2010-01-12 21:05:14,2940.25
"316",2010-01-12 21:05:15,3177.65
"317",2010-01-12 21:05:16,3165.85
"318",2010-01-12 21:05:17,2672.55
"319",2010-01-12 21:05:18,2598.75
"320",2010-01-12 21:05:19,3314.85
"321",2010-01-12 21:05:20,3003.55
"322",2010-01-12 21:05:21,2621.4
"323",2010-01-12 21:05:22,2919.65
"324",2010-01-12 21:05:23,2905.75
"325",2010-01-12 21:05:24,3113.4
"326",2010-01-12 21:05:25,2628.55
"327",2010-01-12 21:05:26,2576.9
"328",2010-01-12 21:05:27,3307.8
"329",2010-01-12 21:05:28,2889.15
"330",2010-01-12 21:05:29,2599.25
"331",2010-01-12 21:05:30,2744.15
"332",2010-01-12 21:05:31,2956.55
"333",2010-01-12 21:05:32,3048.05
"334",2010-01-12 21:05:33,2903.8
"335",2010-01-12 21:05:34,2648.4
"336",2010-01-12 21:05:35,2719.75
"337",2010-01-12 21:05:36,3246.95
"338",2010-01-12 21:05:37,2779.9
"339",2010-01-12 21:05:38,2620.5
"340",2010-01-12 21:05:39,2867.85
"341",2010-01-12 21:05:40,3072.85
"342",2010-01-12 21:05:41,2843.7
"343",2010-01-12 21:05:42,2682.35
"344",2010-01-12 21:05:43,2674.8
"345",2010-01-12 21:05:44,3031.85
"346",2010-01-12 21:05:45,2958.1
"347",2010-01-12 21:05:46,2735.05
"348",2010-01-12 21:05:47,3109.75
"349",2010-01-12 21:05:48,2964.3
"350",2010-01-12 21:05:49,2745
"351",2010-01-12 21:05:50,2876.3
"352",2010-01-12 21:05:51,2855.75
"353",2010-01-12 21:05:52,2892.9
"354",2010-01-12 21:05:53,2934.75
"355",2010-01-12 21:05:54,2801.45
"356",2010-01-12 21:05:55,2738.9
"357",2010-01-12 21:05:56,2660.7
"358",2010-01-12 21:05:57,3089.1
"359",2010-01-12 21:05:58,2934.6
"360",2010-01-12 21:05:59,2577.3
"361",2010-01-12 21:06:00,2877.8
"362",2010-01-12 21:06:01,2911.25
"363",2010-01-12 21:06:02,3068.95
"364",2010-01-12 21:06:03,2866.95
"365",2010-01-12 21:06:04,2924.25
"366",2010-01-12 21:06:05,2797.45
"367",2010-01-12 21:06:06,3136.05
"368",2010-01-12 21:06:07,2978.75
"369",2010-01-12 21:06:08,2742.75
"370",2010-01-12 21:06:09,2818.35
"371",2010-01-12 21:06:10,3074.35
"372",2010-01-12 21:06:11,3065.6
"373",2010-01-12 21:06:12,2766.6
"374",2010-01-12 21:06:13,2597.45
"375",2010-01-12 21:06:14,3143.4
"376",2010-01-12 21:06:15,3008.9
"377",2010-01-12 21:06:16,2775.05
"378",2010-01-12 21:06:17,2667.25
"379",2010-01-12 21:06:18,2849.25
"380",2010-01-12 21:06:19,2926.65
"381",2010-01-12 21:06:20,2949.9
"382",2010-01-12 21:06:21,2880.4
"383",2010-01-12 21:06:22,2617.55
"384",2010-01-12 21:06:23,3080.4
"385",2010-01-12 21:06:24,3090.35
"386",2010-01-12 21:06:25,2738.4
"387",2010-01-12 21:06:26,2755.9
"388",2010-01-12 21:06:27,3022.9
"389",2010-01-12 21:06:28,3145.65
"390",2010-01-12 21:06:29,2772.9
"391",2010-01-12 21:06:30,2777.65
"392",2010-01-12 21:06:31,2985.75
"393",2010-01-12 21:06:32,2845.95
"394",2010-01-12 21:06:33,2917.85
"395",2010-01-12 21:06:34,2970.65
"396",2010-01-12 21:06:35,2572.9
"397",2010-01-12 21:06:36,3126
"398",2010-01-12 21:06:37,2934.5
"399",2010-01-12 21:06:38,2917.5
"400",2010-01-12 21:06:39,2857.75
"401",2010-01-12 21:06:40,2880.65
"402",2010-01-12 21:06:41,2838.9
"403",2010-01-12 21:06:42,2873.4
"404",2010-01-12 21:06:43,2874.45
"405",2010-01-12 21:06:44,2896.3
"406",2010-01-12 21:06:45,2748.95
"407",2010-01-12 21:06:46,2842.6
"408",2010-01-12 21:06:47,2824.8
"409",2010-01-12 21:06:48,2855.85
"410",2010-01-12 21:06:49,2782.45
"411",2010-01-12 21:06:50,2768.15
"412",2010-01-12 21:06:51,3051.5
"413",2010-01-12 21:06:52,2934.65
"414",2010-01-12 21:06:53,2352.45
"415",2010-01-12 21:06:54,3002.5
"416",2010-01-12 21:06:55,3144.55
"417",2010-01-12 21:06:56,2905.85
"418",2010-01-12 21:06:57,2772.25
"419",2010-01-12 21:06:58,2879.5
"420",2010-01-12 21:06:59,3165.9
"421",2010-01-12 21:07:00,2584.4
"422",2010-01-12 21:07:01,2805.3
"423",2010-01-12 21:07:02,3138.45
"424",2010-01-12 21:07:03,2869.9
"425",2010-01-12 21:07:04,2713.5
"426",2010-01-12 21:07:05,2963.9
"427",2010-01-12 21:07:06,2859.85
"428",2010-01-12 21:07:07,2634.15
"429",2010-01-12 21:07:08,3078.7
"430",2010-01-12 21:07:09,3068.2
"431",2010-01-12 21:07:10,2680.1
"432",2010-01-12 21:07:11,2635.15
"433",2010-01-12 21:07:12,3195.55
"434",2010-01-12 21:07:13,2977.05
"435",2010-01-12 21:07:14,2414.4
"436",2010-01-12 21:07:15,2994.5
"437",2010-01-12 21:07:16,2795.1
"438",2010-01-12 21:07:17,3134.35
"439",2010-01-12 21:07:18,2631.1
"440",2010-01-12 21:07:19,2934.4
"441",2010-01-12 21:07:20,3032.7
"442",2010-01-12 21:07:21,2626.85
"443",2010-01-12 21:07:22,2939.4
"444",2010-01-12 21:07:23,3022.8
"445",2010-01-12 21:07:24,3039.15
"446",2010-01-12 21:07:25,2561.95
"447",2010-01-12 21:07:26,2942.2
"448",2010-01-12 21:07:27,2926.75
"449",2010-01-12 21:07:28,2994.5
"450",2010-01-12 21:07:29,2799.1
"451",2010-01-12 21:07:30,2772.8
"452",2010-01-12 21:07:31,2849.95
"453",2010-01-12 21:07:32,3148.6
"454",2010-01-12 21:07:33,2498.8
"455",2010-01-12 21:07:34,2855.9
"456",2010-01-12 21:07:35,2709.7
"457",2010-01-12 21:07:36,3094.2
"458",2010-01-12 21:07:37,2777.35
"459",2010-01-12 21:07:38,2819.75
"460",2010-01-12 21:07:39,3121.7
"461",2010-01-12 21:07:40,2238.05
"462",2010-01-12 21:07:41,3064.15
"463",2010-01-12 21:07:42,3034.75
"464",2010-01-12 21:07:43,2765.35
"465",2010-01-12 21:07:44,2826.3
"466",2010-01-12 21:07:45,2976.7
"467",2010-01-12 21:07:46,2830.3
"468",2010-01-12 21:07:47,3077.5
"469",2010-01-12 21:07:48,2775.75
"470",2010-01-12 21:07:49,2902.75
"471",2010-01-12 21:07:50,3079.95
"472",2010-01-12 21:07:51,2886.65
"473",2010-01-12 21:07:52,2848.9
"474",2010-01-12 21:07:53,3092.65
"475",2010-01-12 21:07:54,2802.9
"476",2010-01-12 21:07:55,2858.35
"477",2010-01-12 21:07:56,2946.9
"478",2010-01-12 21:07:57,3103.85
"479",2010-01-12 21:07:58,2594.5
"480",2010-01-12 21:07:59,2970.6
"481",2010-01-12 21:08:00,3139.6
"482",2010-01-12 21:08:01,2706.55
"483",2010-01-12 21:08:02,2813.45
"484",2010-01-12 21:08:03,2589.5
"485",2010-01-12 21:08:04,3321.75
"486",2010-01-12 21:08:05,2942.35
"487",2010-01-12 21:08:06,2598
"488",2010-01-12 21:08:07,2892.9
"489",2010-01-12 21:08:08,2971.7
"490",2010-01-12 21:08:09,3162
"491",2010-01-12 21:08:10,2681
"492",2010-01-12 21:08:11,2485.05
"493",2010-01-12 21:08:12,2989.2
"494",2010-01-12 21:08:13,3281.75
"495",2010-01-12 21:08:14,2700
"496",2010-01-12 21:08:15,2830.65
"497",2010-01-12 21:08:16,2977.95
"498",2010-01-12 21:08:17,2957.4
"499",2010-01-12 21:08:18,2886.25
"500",2010-01-12 21:08:19,2918.85
"501",2010-01-12 21:08:20,2953.75
"502",2010-01-12 21:08:21,2684.75
"503",2010-01-12 21:08:22,2687.85
"504",2010-01-12 21:08:23,3098.45
"505",2010-01-12 21:08:24,2847
"506",2010-01-12 21:08:25,2649.25
"507",2010-01-12 21:08:26,2726.1
"508",2010-01-12 21:08:27,2965.75
"509",2010-01-12 21:08:28,3297
"510",2010-01-12 21:08:29,2821.8
"511",2010-01-12 21:08:30,2658.85
"512",2010-01-12 21:08:31,2814.45
"513",2010-01-12 21:08:32,3076.3
"514",2010-01-12 21:08:33,2790.4
"515",2010-01-12 21:08:34,2871.6
"516",2010-01-12 21:08:35,2788.1
"517",2010-01-12 21:08:36,2840.6
"518",2010-01-12 21:08:37,3220.3
"519",2010-01-12 21:08:38,3000.75
"520",2010-01-12 21:08:39,2380.7
"521",2010-01-12 21:08:40,3051.05
"522",2010-01-12 21:08:41,3133.5
"523",2010-01-12 21:08:42,3110.9
"524",2010-01-12 21:08:43,2980.8
"525",2010-01-12 21:08:44,2562.5
"526",2010-01-12 21:08:45,2947.65
"527",2010-01-12 21:08:46,3123.45
"528",2010-01-12 21:08:47,2810.45
"529",2010-01-12 21:08:48,2785.85
"530",2010-01-12 21:08:49,3102.5
"531",2010-01-12 21:08:50,2741.8
"532",2010-01-12 21:08:51,2736.4
"533",2010-01-12 21:08:52,3333.35
"534",2010-01-12 21:08:53,2630.55
"535",2010-01-12 21:08:54,2575.65
"536",2010-01-12 21:08:55,3053.65
"537",2010-01-12 21:08:56,2926.9
"538",2010-01-12 21:08:57,2997.25
"539",2010-01-12 21:08:58,2599.75
"540",2010-01-12 21:08:59,2864.35
"541",2010-01-12 21:09:00,3082.5
"542",2010-01-12 21:09:01,2550.1
"543",2010-01-12 21:09:02,2725.8
"544",2010-01-12 21:09:03,3010.5
"545",2010-01-12 21:09:04,2888.75
"546",2010-01-12 21:09:05,2954.15
"547",2010-01-12 21:09:06,2577.4
"548",2010-01-12 21:09:07,3006.65
"549",2010-01-12 21:09:08,3167.85
"550",2010-01-12 21:09:09,2637.25
"551",2010-01-12 21:09:10,2924.25
"552",2010-01-12 21:09:11,3115.75
"553",2010-01-12 21:09:12,2819.35
"554",2010-01-12 21:09:13,3043.05
"555",2010-01-12 21:09:14,2778.8
"556",2010-01-12 21:09:15,2723.4
"557",2010-01-12 21:09:16,3084.9
"558",2010-01-12 21:09:17,3015.95
"559",2010-01-12 21:09:18,2562.25
"560",2010-01-12 21:09:19,2801.7
"561",2010-01-12 21:09:20,2990.05
"562",2010-01-12 21:09:21,2725.8
"563",2010-01-12 21:09:22,2891
"564",2010-01-12 21:09:23,2854.55
"565",2010-01-12 21:09:24,2993.15
"566",2010-01-12 21:09:25,2874.5
"567",2010-01-12 21:09:26,2843.8
"568",2010-01-12 21:09:27,2985.55
"569",2010-01-12 21:09:28,2628.35
"570",2010-01-12 21:09:29,2774.5
"571",2010-01-12 21:09:30,3078.4
"572",2010-01-12 21:09:31,2737.55
"573",2010-01-12 21:09:32,3322.6
"574",2010-01-12 21:09:33,2683.2
"575",2010-01-12 21:09:34,2728.35
"576",2010-01-12 21:09:35,3166.95
"577",2010-01-12 21:09:36,2879.55
"578",2010-01-12 21:09:37,2641.8
"579",2010-01-12 21:09:38,2970.3
"580",2010-01-12 21:09:39,2913.7
"581",2010-01-12 21:09:40,2951.75
"582",2010-01-12 21:09:41,3059.55
"583",2010-01-12 21:09:42,2281.85
"584",2010-01-12 21:09:43,3116.35
"585",2010-01-12 21:09:44,2989.65
"586",2010-01-12 21:09:45,2934.1
"587",2010-01-12 21:09:46,2646.35
"588",2010-01-12 21:09:47,2779.8
"589",2010-01-12 21:09:48,3243.45
"590",2010-01-12 21:09:49,2751.1
"591",2010-01-12 21:09:50,2599.2
"592",2010-01-12 21:09:51,3045.35
"593",2010-01-12 21:09:52,2840.2
"594",2010-01-12 21:09:53,3004.4
"595",2010-01-12 21:09:54,3042.15
"596",2010-01-12 21:09:55,2503.25
"597",2010-01-12 21:09:56,2952.55
"598",2010-01-12 21:09:57,3103.3
"599",2010-01-12 21:09:58,2651.25
"600",2010-01-12 21:09:59,2979.8
"601",2010-01-12 21:10:00,2666.75
"602",2010-01-12 21:10:01,2729.85
"603",2010-01-12 21:10:02,3347.45
"604",2010-01-12 21:10:03,2767.2
"605",2010-01-12 21:10:04,2547.75
"606",2010-01-12 21:10:05,2833.05
"607",2010-01-12 21:10:06,2819.25
"608",2010-01-12 21:10:07,3386.65
"609",2010-01-12 21:10:08,2826.25
"610",2010-01-12 21:10:09,2352.5
"611",2010-01-12 21:10:10,2923.8
"612",2010-01-12 21:10:11,3239.55
"613",2010-01-12 21:10:12,3060.95
"614",2010-01-12 21:10:13,2389.35
"615",2010-01-12 21:10:14,2641.6
"616",2010-01-12 21:10:15,2999.8
"617",2010-01-12 21:10:16,3411.3
"618",2010-01-12 21:10:17,2611.9
"619",2010-01-12 21:10:18,2260.4
"620",2010-01-12 21:10:19,2886.9
"621",2010-01-12 21:10:20,3133.15
"622",2010-01-12 21:10:21,3275.75
"623",2010-01-12 21:10:22,2613.6
"624",2010-01-12 21:10:23,2514.6
"625",2010-01-12 21:10:24,3070.5
"626",2010-01-12 21:10:25,3144.95
"627",2010-01-12 21:10:26,3167.3
"628",2010-01-12 21:10:27,2426.75
"629",2010-01-12 21:10:28,2896.6
"630",2010-01-12 21:10:29,3293.65
"631",2010-01-12 21:10:30,2863
"632",2010-01-12 21:10:31,2583.85
"633",2010-01-12 21:10:32,3089.9
"634",2010-01-12 21:10:33,2895.35
"635",2010-01-12 21:10:34,2844.75
"636",2010-01-12 21:10:35,2817.95
"637",2010-01-12 21:10:36,2952.55
"638",2010-01-12 21:10:37,2889.8
"639",2010-01-12 21:10:38,2838.6
"640",2010-01-12 21:10:39,2954.35
"641",2010-01-12 21:10:40,2827.5
"642",2010-01-12 21:10:41,3037.5
"643",2010-01-12 21:10:42,2780.4
"644",2010-01-12 21:10:43,2776.8
"645",2010-01-12 21:10:44,3054.55
"646",2010-01-12 21:10:45,2765
"647",2010-01-12 21:10:46,2998.8
"648",2010-01-12 21:10:47,2672.85
"649",2010-01-12 21:10:48,2808.4
"650",2010-01-12 21:10:49,2799.6
"651",2010-01-12 21:10:50,2806.9
"652",2010-01-12 21:10:51,3038.8
"653",2010-01-12 21:10:52,2641.35
"654",2010-01-12 21:10:53,2653.85
"655",2010-01-12 21:10:54,3132.25
"656",2010-01-12 21:10:55,2690.7
"657",2010-01-12 21:10:56,2973.45
"658",2010-01-12 21:10:57,2925.3
"659",2010-01-12 21:10:58,2723.15
"660",2010-01-12 21:10:59,2972.7
"661",2010-01-12 21:11:00,3087.4
"662",2010-01-12 21:11:01,2785.75
"663",2010-01-12 21:11:02,2924.25
"664",2010-01-12 21:11:03,2878.05
"665",2010-01-12 21:11:04,3046.45
"666",2010-01-12 21:11:05,2699.35
"667",2010-01-12 21:11:06,2851.1
"668",2010-01-12 21:11:07,2877.2
"669",2010-01-12 21:11:08,3104
"670",2010-01-12 21:11:09,2531.4
"671",2010-01-12 21:11:10,3072.2
"672",2010-01-12 21:11:11,2981
"673",2010-01-12 21:11:12,2780.25
"674",2010-01-12 21:11:13,2940.4
"675",2010-01-12 21:11:14,2758.2
"676",2010-01-12 21:11:15,3018.3
"677",2010-01-12 21:11:16,3058.5
"678",2010-01-12 21:11:17,2819.75
"679",2010-01-12 21:11:18,2779.8
"680",2010-01-12 21:11:19,2796.35
"681",2010-01-12 21:11:20,2896.7
"682",2010-01-12 21:11:21,2932.3
"683",2010-01-12 21:11:22,2978.45
"684",2010-01-12 21:11:23,2622.55
"685",2010-01-12 21:11:24,3036.25
"686",2010-01-12 21:11:25,2694.6
"687",2010-01-12 21:11:26,2727.7
"688",2010-01-12 21:11:27,3470.95
"689",2010-01-12 21:11:28,2772.9
"690",2010-01-12 21:11:29,2427.9
"691",2010-01-12 21:11:30,2939.6
"692",2010-01-12 21:11:31,3079
"693",2010-01-12 21:11:32,2975.45
"694",2010-01-12 21:11:33,2622.65
"695",2010-01-12 21:11:34,2878.85714285714
"696",2010-01-12 21:11:35,2726.95
"697",2010-01-12 21:11:36,2989.2
"698",2010-01-12 21:11:37,2880.65
"699",2010-01-12 21:11:38,2925.9
"700",2010-01-12 21:11:39,2524.3
"701",2010-01-12 21:11:40,2917.8
"702",2010-01-12 21:11:41,3201.45
"703",2010-01-12 21:11:42,2884.25
"704",2010-01-12 21:11:43,2598.6
"705",2010-01-12 21:11:44,2716.15
"706",2010-01-12 21:11:45,2899.65
"707",2010-01-12 21:11:46,3208.7
"708",2010-01-12 21:11:47,2815.6
"709",2010-01-12 21:11:48,2756.65
"710",2010-01-12 21:11:49,2740.1
"711",2010-01-12 21:11:50,3139.75
"712",2010-01-12 21:11:51,2918.85
"713",2010-01-12 21:11:52,2622.45
"714",2010-01-12 21:11:53,3059.1
"715",2010-01-12 21:11:54,3003.95
"716",2010-01-12 21:11:55,2672.55
"717",2010-01-12 21:11:56,2937.15
"718",2010-01-12 21:11:57,2916.5
"719",2010-01-12 21:11:58,2802.2
"720",2010-01-12 21:11:59,3074.1
"721",2010-01-12 21:12:00,2880.25
"722",2010-01-12 21:12:01,2626.85
"723",2010-01-12 21:12:02,2891.55
"724",2010-01-12 21:12:03,3182.5
"725",2010-01-12 21:12:04,2838.15
"726",2010-01-12 21:12:05,2878.7
"727",2010-01-12 21:12:06,2525.7
"728",2010-01-12 21:12:07,3186.35
"729",2010-01-12 21:12:08,3117.85
"730",2010-01-12 21:12:09,2797.15
"731",2010-01-12 21:12:10,2761.5
"732",2010-01-12 21:12:11,2861.5
"733",2010-01-12 21:12:12,2848.6
"734",2010-01-12 21:12:13,3011.85
"735",2010-01-12 21:12:14,2861.75
"736",2010-01-12 21:12:15,2679.75
"737",2010-01-12 21:12:16,2690.6
"738",2010-01-12 21:12:17,2863.75
"739",2010-01-12 21:12:18,3289.25
"740",2010-01-12 21:12:19,2770.45
"741",2010-01-12 21:12:20,2583.45
"742",2010-01-12 21:12:21,2799.25
"743",2010-01-12 21:12:22,3066.25
"744",2010-01-12 21:12:23,2927.2
"745",2010-01-12 21:12:24,2823.05
"746",2010-01-12 21:12:25,2470.5
"747",2010-01-12 21:12:26,3115.55
"748",2010-01-12 21:12:27,2985.6
"749",2010-01-12 21:12:28,2946.5
"750",2010-01-12 21:12:29,2780.55
"751",2010-01-12 21:12:30,2481.45
"752",2010-01-12 21:12:31,3160.25
"753",2010-01-12 21:12:32,3208.85
"754",2010-01-12 21:12:33,2350
"755",2010-01-12 21:12:34,2913.85
"756",2010-01-12 21:12:35,2989.25
"757",2010-01-12 21:12:36,3085.2
"758",2010-01-12 21:12:37,2651.55
"759",2010-01-12 21:12:38,2683.15
"760",2010-01-12 21:12:39,2848.95
"761",2010-01-12 21:12:40,3413.4
"762",2010-01-12 21:12:41,2640.5
"763",2010-01-12 21:12:42,2486.6
"764",2010-01-12 21:12:43,2994.3
"765",2010-01-12 21:12:44,3113.8
"766",2010-01-12 21:12:45,3049.25
"767",2010-01-12 21:12:46,2382.2
"768",2010-01-12 21:12:47,2570
"769",2010-01-12 21:12:48,3141.55
"770",2010-01-12 21:12:49,3240.55
"771",2010-01-12 21:12:50,2607.95
"772",2010-01-12 21:12:51,2533.95
"773",2010-01-12 21:12:52,2845.65
"774",2010-01-12 21:12:53,3434.3
"775",2010-01-12 21:12:54,2720.7
"776",2010-01-12 21:12:55,2783.1
"777",2010-01-12 21:12:56,2819.6
"778",2010-01-12 21:12:57,3056.3
"779",2010-01-12 21:12:58,3277.85
"780",2010-01-12 21:12:59,2638.75
"781",2010-01-12 21:13:00,2523.6
"782",2010-01-12 21:13:01,3084.25
"783",2010-01-12 21:13:02,3165.9
"784",2010-01-12 21:13:03,2760.9
"785",2010-01-12 21:13:04,2681.8
"786",2010-01-12 21:13:05,2783.3
"787",2010-01-12 21:13:06,2814.45
"788",2010-01-12 21:13:07,3215.1
"789",2010-01-12 21:13:08,2827.35
"790",2010-01-12 21:13:09,2573.25
"791",2010-01-12 21:13:10,2887.35
"792",2010-01-12 21:13:11,2865.1
"793",2010-01-12 21:13:12,3296.85
"794",2010-01-12 21:13:13,2665.7
"795",2010-01-12 21:13:14,2431.9
"796",2010-01-12 21:13:15,3155.8
"797",2010-01-12 21:13:16,2971.9
"798",2010-01-12 21:13:17,2922.85
"799",2010-01-12 21:13:18,2788.9
"800",2010-01-12 21:13:19,2556.7
"801",2010-01-12 21:13:20,2808.05
"802",2010-01-12 21:13:21,3194.8
"803",2010-01-12 21:13:22,2870.85
"804",2010-01-12 21:13:23,2619.15
"805",2010-01-12 21:13:24,2834.2
"806",2010-01-12 21:13:25,3170.65
"807",2010-01-12 21:13:26,2931.1
"808",2010-01-12 21:13:27,2740.15
"809",2010-01-12 21:13:28,2672.45
"810",2010-01-12 21:13:29,3025.8
"811",2010-01-12 21:13:30,3504.25
"812",2010-01-12 21:13:31,2520.6
"813",2010-01-12 21:13:32,2165.4
"814",2010-01-12 21:13:33,3126.4
"815",2010-01-12 21:13:34,3145.7
"816",2010-01-12 21:13:35,3069.3
"817",2010-01-12 21:13:36,2610.95
"818",2010-01-12 21:13:37,2346.6
"819",2010-01-12 21:13:38,3142.45
"820",2010-01-12 21:13:39,3543.45
"821",2010-01-12 21:13:40,2405.9
"822",2010-01-12 21:13:41,2811.65
"823",2010-01-12 21:13:42,2905.7
"824",2010-01-12 21:13:43,2776
"825",2010-01-12 21:13:44,3318.4
"826",2010-01-12 21:13:45,2519.55
"827",2010-01-12 21:13:46,2415.9
"828",2010-01-12 21:13:47,3289.35
"829",2010-01-12 21:13:48,2984.25
"830",2010-01-12 21:13:49,2713.7
"831",2010-01-12 21:13:50,2684.45
"832",2010-01-12 21:13:51,2701.9
"833",2010-01-12 21:13:52,2938.15
"834",2010-01-12 21:13:53,3602.53846153846
