"","DateTime","PR.MTP..BHZ.M"
"1",2010-01-12 21:00:00,3114.55
"2",2010-01-12 21:00:01,2914.9
"3",2010-01-12 21:00:02,2189.15
"4",2010-01-12 21:00:03,2253.2
"5",2010-01-12 21:00:04,3212.85
"6",2010-01-12 21:00:05,2971.65
"7",2010-01-12 21:00:06,2283
"8",2010-01-12 21:00:07,2505.35
"9",2010-01-12 21:00:08,2867.65
"10",2010-01-12 21:00:09,2909.45
"11",2010-01-12 21:00:10,2732.75
"12",2010-01-12 21:00:11,2137.25
"13",2010-01-12 21:00:12,2774.9
"14",2010-01-12 21:00:13,3156.95
"15",2010-01-12 21:00:14,2502.9
"16",2010-01-12 21:00:15,2540.75
"17",2010-01-12 21:00:16,2544.75
"18",2010-01-12 21:00:17,2696.7
"19",2010-01-12 21:00:18,2915.3
"20",2010-01-12 21:00:19,2377.75
"21",2010-01-12 21:00:20,2621.35
"22",2010-01-12 21:00:21,2891.15
"23",2010-01-12 21:00:22,2845
"24",2010-01-12 21:00:23,2694.7
"25",2010-01-12 21:00:24,2416.5
"26",2010-01-12 21:00:25,2201.1
"27",2010-01-12 21:00:26,2808.65
"28",2010-01-12 21:00:27,3553.25
"29",2010-01-12 21:00:28,2519.85
"30",2010-01-12 21:00:29,1794.4
"31",2010-01-12 21:00:30,2858.5
"32",2010-01-12 21:00:31,3535.8
"33",2010-01-12 21:00:32,2418.6
"34",2010-01-12 21:00:33,2076.8
"35",2010-01-12 21:00:34,2625.5
"36",2010-01-12 21:00:35,3147.55
"37",2010-01-12 21:00:36,2886.5
"38",2010-01-12 21:00:37,2351.3
"39",2010-01-12 21:00:38,2260
"40",2010-01-12 21:00:39,2874
"41",2010-01-12 21:00:40,2919.3
"42",2010-01-12 21:00:41,2587.5
"43",2010-01-12 21:00:42,2628
"44",2010-01-12 21:00:43,2529.35
"45",2010-01-12 21:00:44,2825.95
"46",2010-01-12 21:00:45,2980.3
"47",2010-01-12 21:00:46,2599.5
"48",2010-01-12 21:00:47,2295.75
"49",2010-01-12 21:00:48,2779.3
"50",2010-01-12 21:00:49,3000.5
"51",2010-01-12 21:00:50,2456.75
"52",2010-01-12 21:00:51,2601.9
"53",2010-01-12 21:00:52,2739.9
"54",2010-01-12 21:00:53,2887.5
"55",2010-01-12 21:00:54,2479.15
"56",2010-01-12 21:00:55,2506.05
"57",2010-01-12 21:00:56,2684.5
"58",2010-01-12 21:00:57,2555.7
"59",2010-01-12 21:00:58,3070.05
"60",2010-01-12 21:00:59,2465.6
"61",2010-01-12 21:01:00,2906.45
"62",2010-01-12 21:01:01,2673.7
"63",2010-01-12 21:01:02,2153.55
"64",2010-01-12 21:01:03,2719.65
"65",2010-01-12 21:01:04,3049.2
"66",2010-01-12 21:01:05,2883.65
"67",2010-01-12 21:01:06,2280.1
"68",2010-01-12 21:01:07,2595.2
"69",2010-01-12 21:01:08,2996.95
"70",2010-01-12 21:01:09,2982.3
"71",2010-01-12 21:01:10,1781.55
"72",2010-01-12 21:01:11,2349.55
"73",2010-01-12 21:01:12,3127.4
"74",2010-01-12 21:01:13,3186.35
"75",2010-01-12 21:01:14,2709.95
"76",2010-01-12 21:01:15,1932.8
"77",2010-01-12 21:01:16,2875.85
"78",2010-01-12 21:01:17,3062.85
"79",2010-01-12 21:01:18,2371.3
"80",2010-01-12 21:01:19,2536.35
"81",2010-01-12 21:01:20,2981.4
"82",2010-01-12 21:01:21,2457.05
"83",2010-01-12 21:01:22,2920.1
"84",2010-01-12 21:01:23,2782.6
"85",2010-01-12 21:01:24,2621.4
"86",2010-01-12 21:01:25,2165.1
"87",2010-01-12 21:01:26,2792.5
"88",2010-01-12 21:01:27,3137.2
"89",2010-01-12 21:01:28,2422.9
"90",2010-01-12 21:01:29,2416.5
"91",2010-01-12 21:01:30,2991.4
"92",2010-01-12 21:01:31,2639.65
"93",2010-01-12 21:01:32,2627.65
"94",2010-01-12 21:01:33,2599.6
"95",2010-01-12 21:01:34,2592.15
"96",2010-01-12 21:01:35,2591.7
"97",2010-01-12 21:01:36,2824.4
"98",2010-01-12 21:01:37,2747
"99",2010-01-12 21:01:38,2789.85
"100",2010-01-12 21:01:39,2668.55
"101",2010-01-12 21:01:40,2372.45
"102",2010-01-12 21:01:41,2532.1
"103",2010-01-12 21:01:42,3050.2
"104",2010-01-12 21:01:43,2571.35
"105",2010-01-12 21:01:44,2241.5
"106",2010-01-12 21:01:45,3025.3
"107",2010-01-12 21:01:46,3017.3
"108",2010-01-12 21:01:47,2427.35
"109",2010-01-12 21:01:48,2217.7
"110",2010-01-12 21:01:49,2714.5
"111",2010-01-12 21:01:50,3238.9
"112",2010-01-12 21:01:51,2719.45
"113",2010-01-12 21:01:52,2200.65
"114",2010-01-12 21:01:53,2386.65
"115",2010-01-12 21:01:54,3132.7
"116",2010-01-12 21:01:55,2584.7
"117",2010-01-12 21:01:56,2433.2
"118",2010-01-12 21:01:57,3008.1
"119",2010-01-12 21:01:58,2885.8
"120",2010-01-12 21:01:59,2336.5
"121",2010-01-12 21:02:00,2736.2
"122",2010-01-12 21:02:01,2718.85
"123",2010-01-12 21:02:02,2811.9
"124",2010-01-12 21:02:03,2376.7
"125",2010-01-12 21:02:04,2776.25
"126",2010-01-12 21:02:05,2897
"127",2010-01-12 21:02:06,2496.35
"128",2010-01-12 21:02:07,2653.85
"129",2010-01-12 21:02:08,2677.8
"130",2010-01-12 21:02:09,2507.5
"131",2010-01-12 21:02:10,2919.9
"132",2010-01-12 21:02:11,2576.05
"133",2010-01-12 21:02:12,2783.65
"134",2010-01-12 21:02:13,2713.4
"135",2010-01-12 21:02:14,2448.95
"136",2010-01-12 21:02:15,2706.7
"137",2010-01-12 21:02:16,2825.95
"138",2010-01-12 21:02:17,2739.6
"139",2010-01-12 21:02:18,2352.9
"140",2010-01-12 21:02:19,2722
"141",2010-01-12 21:02:20,2893.15
"142",2010-01-12 21:02:21,2283.1
"143",2010-01-12 21:02:22,2808.35
"144",2010-01-12 21:02:23,2841.35
"145",2010-01-12 21:02:24,2823.95
"146",2010-01-12 21:02:25,2475.6
"147",2010-01-12 21:02:26,2302.05
"148",2010-01-12 21:02:27,2850.45
"149",2010-01-12 21:02:28,2790
"150",2010-01-12 21:02:29,2753.5
"151",2010-01-12 21:02:30,2491.2
"152",2010-01-12 21:02:31,2580.95
"153",2010-01-12 21:02:32,2809.3
"154",2010-01-12 21:02:33,2711.45
"155",2010-01-12 21:02:34,2722.45
"156",2010-01-12 21:02:35,2831.35
"157",2010-01-12 21:02:36,2431.35
"158",2010-01-12 21:02:37,2633.1
"159",2010-01-12 21:02:38,2883.5
"160",2010-01-12 21:02:39,2781.25
"161",2010-01-12 21:02:40,2525.55
"162",2010-01-12 21:02:41,2504.8
"163",2010-01-12 21:02:42,2702.8
"164",2010-01-12 21:02:43,2839.8
"165",2010-01-12 21:02:44,3035.2
"166",2010-01-12 21:02:45,2558.35
"167",2010-01-12 21:02:46,2131.7
"168",2010-01-12 21:02:47,2695.6
"169",2010-01-12 21:02:48,3144.55
"170",2010-01-12 21:02:49,2483.7
"171",2010-01-12 21:02:50,2551.35
"172",2010-01-12 21:02:51,2676.95
"173",2010-01-12 21:02:52,2942.45
"174",2010-01-12 21:02:53,2577.35
"175",2010-01-12 21:02:54,2562
"176",2010-01-12 21:02:55,2693.2
"177",2010-01-12 21:02:56,2620.8
"178",2010-01-12 21:02:57,2463.4
"179",2010-01-12 21:02:58,2798
"180",2010-01-12 21:02:59,3111.75
"181",2010-01-12 21:03:00,2456.9
"182",2010-01-12 21:03:01,1976.95
"183",2010-01-12 21:03:02,2847.05
"184",2010-01-12 21:03:03,3588.15
"185",2010-01-12 21:03:04,2725.05
"186",2010-01-12 21:03:05,1878.75
"187",2010-01-12 21:03:06,2375.8
"188",2010-01-12 21:03:07,3256.3
"189",2010-01-12 21:03:08,2938.45
"190",2010-01-12 21:03:09,2235.55
"191",2010-01-12 21:03:10,2348.1
"192",2010-01-12 21:03:11,3226.4
"193",2010-01-12 21:03:12,2908.95
"194",2010-01-12 21:03:13,2279.85
"195",2010-01-12 21:03:14,2483.8
"196",2010-01-12 21:03:15,2613
"197",2010-01-12 21:03:16,2739.85
"198",2010-01-12 21:03:17,2935.55
"199",2010-01-12 21:03:18,2738.3
"200",2010-01-12 21:03:19,2683.8
"201",2010-01-12 21:03:20,2708.65
"202",2010-01-12 21:03:21,2581.55
"203",2010-01-12 21:03:22,2438.95
"204",2010-01-12 21:03:23,2618.7
"205",2010-01-12 21:03:24,2908.25
"206",2010-01-12 21:03:25,2556.3
"207",2010-01-12 21:03:26,2756.55
"208",2010-01-12 21:03:27,3051.25
"209",2010-01-12 21:03:28,2459.65
"210",2010-01-12 21:03:29,2367.5
"211",2010-01-12 21:03:30,3028.85
"212",2010-01-12 21:03:31,2563.8
"213",2010-01-12 21:03:32,2235.15
"214",2010-01-12 21:03:33,2988.5
"215",2010-01-12 21:03:34,3259.55
"216",2010-01-12 21:03:35,2499.2
"217",2010-01-12 21:03:36,1974.2
"218",2010-01-12 21:03:37,2828.4
"219",2010-01-12 21:03:38,3185.8
"220",2010-01-12 21:03:39,2570.7
"221",2010-01-12 21:03:40,2129.55
"222",2010-01-12 21:03:41,3077.45
"223",2010-01-12 21:03:42,3084.15
"224",2010-01-12 21:03:43,2130.45
"225",2010-01-12 21:03:44,2408.8
"226",2010-01-12 21:03:45,3093.1
"227",2010-01-12 21:03:46,2946.55
"228",2010-01-12 21:03:47,2693.65
"229",2010-01-12 21:03:48,2273.8
"230",2010-01-12 21:03:49,2352.45
"231",2010-01-12 21:03:50,3166.15
"232",2010-01-12 21:03:51,2524.35
"233",2010-01-12 21:03:52,2659.15
"234",2010-01-12 21:03:53,3073.85
"235",2010-01-12 21:03:54,2581.3
"236",2010-01-12 21:03:55,2302.7
"237",2010-01-12 21:03:56,2764.3
"238",2010-01-12 21:03:57,2921.15
"239",2010-01-12 21:03:58,2782.55
"240",2010-01-12 21:03:59,2300.1
"241",2010-01-12 21:04:00,2783.65
"242",2010-01-12 21:04:01,2948.5
"243",2010-01-12 21:04:02,2717.25
"244",2010-01-12 21:04:03,2193.85
"245",2010-01-12 21:04:04,2369.2
"246",2010-01-12 21:04:05,3440.25
"247",2010-01-12 21:04:06,2926.75
"248",2010-01-12 21:04:07,2061.65
"249",2010-01-12 21:04:08,2423.4
"250",2010-01-12 21:04:09,3055.35
"251",2010-01-12 21:04:10,2984.85
"252",2010-01-12 21:04:11,2490.25
"253",2010-01-12 21:04:12,2372.85
"254",2010-01-12 21:04:13,2767
"255",2010-01-12 21:04:14,2965.2
"256",2010-01-12 21:04:15,2642.55
"257",2010-01-12 21:04:16,2257.7
"258",2010-01-12 21:04:17,2746.55
"259",2010-01-12 21:04:18,3134.45
"260",2010-01-12 21:04:19,2336.3
"261",2010-01-12 21:04:20,2477.2
"262",2010-01-12 21:04:21,2906.7
"263",2010-01-12 21:04:22,2610.25
"264",2010-01-12 21:04:23,2720.8
"265",2010-01-12 21:04:24,2545.5
"266",2010-01-12 21:04:25,2780.65
"267",2010-01-12 21:04:26,2710.5
"268",2010-01-12 21:04:27,2581.6
"269",2010-01-12 21:04:28,2789.5
"270",2010-01-12 21:04:29,2746
"271",2010-01-12 21:04:30,2663.4
"272",2010-01-12 21:04:31,2601.6
"273",2010-01-12 21:04:32,2561.9
"274",2010-01-12 21:04:33,2853.65
"275",2010-01-12 21:04:34,2898.75
"276",2010-01-12 21:04:35,2309.85
"277",2010-01-12 21:04:36,2297.55
"278",2010-01-12 21:04:37,3146.5
"279",2010-01-12 21:04:38,3210.25
"280",2010-01-12 21:04:39,2350.65
"281",2010-01-12 21:04:40,1870.95
"282",2010-01-12 21:04:41,2870.5
"283",2010-01-12 21:04:42,3175.85
"284",2010-01-12 21:04:43,2938.35
"285",2010-01-12 21:04:44,2192.45
"286",2010-01-12 21:04:45,2635.75
"287",2010-01-12 21:04:46,2650.7
"288",2010-01-12 21:04:47,2824.65
"289",2010-01-12 21:04:48,2628.65
"290",2010-01-12 21:04:49,2830.35
"291",2010-01-12 21:04:50,2674.6
"292",2010-01-12 21:04:51,2464
"293",2010-01-12 21:04:52,2748.45
"294",2010-01-12 21:04:53,2780.95
"295",2010-01-12 21:04:54,2769.25
"296",2010-01-12 21:04:55,2519.5
"297",2010-01-12 21:04:56,2358.8
"298",2010-01-12 21:04:57,3270.35
"299",2010-01-12 21:04:58,2830.45
"300",2010-01-12 21:04:59,2119.75
"301",2010-01-12 21:05:00,2557.4
"302",2010-01-12 21:05:01,3108.95
"303",2010-01-12 21:05:02,3001
"304",2010-01-12 21:05:03,2265.7
"305",2010-01-12 21:05:04,2299.8
"306",2010-01-12 21:05:05,3076
"307",2010-01-12 21:05:06,3138.9
"308",2010-01-12 21:05:07,1955.85
"309",2010-01-12 21:05:08,2304.8
"310",2010-01-12 21:05:09,3487.1
"311",2010-01-12 21:05:10,3168.4
"312",2010-01-12 21:05:11,2118.3
"313",2010-01-12 21:05:12,1952.25
"314",2010-01-12 21:05:13,3166.5
"315",2010-01-12 21:05:14,3111.65
"316",2010-01-12 21:05:15,2514.85
"317",2010-01-12 21:05:16,2327.35
"318",2010-01-12 21:05:17,2660.75
"319",2010-01-12 21:05:18,3106.5
"320",2010-01-12 21:05:19,2515.35
"321",2010-01-12 21:05:20,2280
"322",2010-01-12 21:05:21,2691.1
"323",2010-01-12 21:05:22,2954.1
"324",2010-01-12 21:05:23,2717.5
"325",2010-01-12 21:05:24,2607.1
"326",2010-01-12 21:05:25,2367.15
"327",2010-01-12 21:05:26,2752.25
"328",2010-01-12 21:05:27,3375.6
"329",2010-01-12 21:05:28,2562.35
"330",2010-01-12 21:05:29,1984.15
"331",2010-01-12 21:05:30,2828.35
"332",2010-01-12 21:05:31,2829.25
"333",2010-01-12 21:05:32,2676.8
"334",2010-01-12 21:05:33,2800.8
"335",2010-01-12 21:05:34,2589.05
"336",2010-01-12 21:05:35,2536.2
"337",2010-01-12 21:05:36,2642.1
"338",2010-01-12 21:05:37,2703.65
"339",2010-01-12 21:05:38,2732
"340",2010-01-12 21:05:39,2651.4
"341",2010-01-12 21:05:40,2634.55
"342",2010-01-12 21:05:41,2931.05
"343",2010-01-12 21:05:42,2666.75
"344",2010-01-12 21:05:43,2418.45
"345",2010-01-12 21:05:44,2516.7
"346",2010-01-12 21:05:45,2754.55
"347",2010-01-12 21:05:46,3060.05
"348",2010-01-12 21:05:47,2967.05
"349",2010-01-12 21:05:48,2230.75
"350",2010-01-12 21:05:49,2148.65
"351",2010-01-12 21:05:50,3077.8
"352",2010-01-12 21:05:51,3096.7
"353",2010-01-12 21:05:52,2332.8
"354",2010-01-12 21:05:53,2303.95
"355",2010-01-12 21:05:54,3034.9
"356",2010-01-12 21:05:55,3250.45
"357",2010-01-12 21:05:56,2335.35
"358",2010-01-12 21:05:57,2018.95
"359",2010-01-12 21:05:58,2727.2
"360",2010-01-12 21:05:59,3234.5
"361",2010-01-12 21:06:00,2559.35
"362",2010-01-12 21:06:01,2568.75
"363",2010-01-12 21:06:02,2732.65
"364",2010-01-12 21:06:03,2871.25
"365",2010-01-12 21:06:04,2374.55
"366",2010-01-12 21:06:05,2265.9
"367",2010-01-12 21:06:06,2714.4
"368",2010-01-12 21:06:07,3101.6
"369",2010-01-12 21:06:08,2653.7
"370",2010-01-12 21:06:09,2666.65
"371",2010-01-12 21:06:10,2578.75
"372",2010-01-12 21:06:11,2543.2
"373",2010-01-12 21:06:12,2812.75
"374",2010-01-12 21:06:13,2755.85
"375",2010-01-12 21:06:14,2643.5
"376",2010-01-12 21:06:15,2639.8
"377",2010-01-12 21:06:16,2678.2
"378",2010-01-12 21:06:17,2708.55
"379",2010-01-12 21:06:18,2765.8
"380",2010-01-12 21:06:19,2610.4
"381",2010-01-12 21:06:20,2581.05
"382",2010-01-12 21:06:21,2838.1
"383",2010-01-12 21:06:22,2750.85
"384",2010-01-12 21:06:23,2339.3
"385",2010-01-12 21:06:24,2538
"386",2010-01-12 21:06:25,2994.1
"387",2010-01-12 21:06:26,2709.65
"388",2010-01-12 21:06:27,2785.05
"389",2010-01-12 21:06:28,2572.2
"390",2010-01-12 21:06:29,2651.25
"391",2010-01-12 21:06:30,2641.15
"392",2010-01-12 21:06:31,2821.05
"393",2010-01-12 21:06:32,2639.15
"394",2010-01-12 21:06:33,2664.4
"395",2010-01-12 21:06:34,2727.4
"396",2010-01-12 21:06:35,2534.35
"397",2010-01-12 21:06:36,2769.7
"398",2010-01-12 21:06:37,2829.3
"399",2010-01-12 21:06:38,2325.85
"400",2010-01-12 21:06:39,2411.35
"401",2010-01-12 21:06:40,3079.55
"402",2010-01-12 21:06:41,3110.9
"403",2010-01-12 21:06:42,2448.4
"404",2010-01-12 21:06:43,2162.7
"405",2010-01-12 21:06:44,2994.7
"406",2010-01-12 21:06:45,3090.05
"407",2010-01-12 21:06:46,2551.45
"408",2010-01-12 21:06:47,2266
"409",2010-01-12 21:06:48,2738.2
"410",2010-01-12 21:06:49,3009.85
"411",2010-01-12 21:06:50,2529.4
"412",2010-01-12 21:06:51,2486
"413",2010-01-12 21:06:52,2955.3
"414",2010-01-12 21:06:53,2982.1
"415",2010-01-12 21:06:54,2003.3
"416",2010-01-12 21:06:55,2408
"417",2010-01-12 21:06:56,2887.4
"418",2010-01-12 21:06:57,2787.35
"419",2010-01-12 21:06:58,2848.1
"420",2010-01-12 21:06:59,2691.85
"421",2010-01-12 21:07:00,2666.8
"422",2010-01-12 21:07:01,2824.1
"423",2010-01-12 21:07:02,2064
"424",2010-01-12 21:07:03,2576.7
"425",2010-01-12 21:07:04,3397.55
"426",2010-01-12 21:07:05,3057.9
"427",2010-01-12 21:07:06,2026.4
"428",2010-01-12 21:07:07,2259.95
"429",2010-01-12 21:07:08,2976.2
"430",2010-01-12 21:07:09,3126.75
"431",2010-01-12 21:07:10,2364.9
"432",2010-01-12 21:07:11,2531.3
"433",2010-01-12 21:07:12,2508.25
"434",2010-01-12 21:07:13,2973.9
"435",2010-01-12 21:07:14,2956.8
"436",2010-01-12 21:07:15,2475.4
"437",2010-01-12 21:07:16,2323.55
"438",2010-01-12 21:07:17,2797.55
"439",2010-01-12 21:07:18,2947.85
"440",2010-01-12 21:07:19,2802.25
"441",2010-01-12 21:07:20,2453.8
"442",2010-01-12 21:07:21,2195.05
"443",2010-01-12 21:07:22,2952.6
"444",2010-01-12 21:07:23,2894.2
"445",2010-01-12 21:07:24,2604.05
"446",2010-01-12 21:07:25,2555.15
"447",2010-01-12 21:07:26,2713
"448",2010-01-12 21:07:27,2740.45
"449",2010-01-12 21:07:28,2503.8
"450",2010-01-12 21:07:29,2671.45
"451",2010-01-12 21:07:30,2855.6
"452",2010-01-12 21:07:31,2517.7
"453",2010-01-12 21:07:32,2739.6
"454",2010-01-12 21:07:33,2527.6
"455",2010-01-12 21:07:34,2558.2
"456",2010-01-12 21:07:35,3099.3
"457",2010-01-12 21:07:36,2869.25
"458",2010-01-12 21:07:37,2197.8
"459",2010-01-12 21:07:38,2632.75
"460",2010-01-12 21:07:39,2924.3
"461",2010-01-12 21:07:40,2580.5
"462",2010-01-12 21:07:41,2516.7
"463",2010-01-12 21:07:42,3129.65
"464",2010-01-12 21:07:43,2467.35
"465",2010-01-12 21:07:44,2433.25
"466",2010-01-12 21:07:45,2797.5
"467",2010-01-12 21:07:46,2829.15
"468",2010-01-12 21:07:47,2560.4
"469",2010-01-12 21:07:48,2851.55
"470",2010-01-12 21:07:49,2655.25
"471",2010-01-12 21:07:50,2494.2
"472",2010-01-12 21:07:51,2871.7
"473",2010-01-12 21:07:52,2607.55
"474",2010-01-12 21:07:53,2515.3
"475",2010-01-12 21:07:54,2569.2
"476",2010-01-12 21:07:55,3071.75
"477",2010-01-12 21:07:56,2470.9
"478",2010-01-12 21:07:57,2503.2
"479",2010-01-12 21:07:58,2587.05
"480",2010-01-12 21:07:59,3009.9
"481",2010-01-12 21:08:00,3007.8
"482",2010-01-12 21:08:01,2380.7
"483",2010-01-12 21:08:02,2282.4
"484",2010-01-12 21:08:03,2925.45
"485",2010-01-12 21:08:04,2874.8
"486",2010-01-12 21:08:05,2449.4
"487",2010-01-12 21:08:06,2875
"488",2010-01-12 21:08:07,2488.1
"489",2010-01-12 21:08:08,2780
"490",2010-01-12 21:08:09,2892.35
"491",2010-01-12 21:08:10,2416.4
"492",2010-01-12 21:08:11,2521.65
"493",2010-01-12 21:08:12,2752.5
"494",2010-01-12 21:08:13,2660.7
"495",2010-01-12 21:08:14,2761.5
"496",2010-01-12 21:08:15,2768.4
"497",2010-01-12 21:08:16,2743.75
"498",2010-01-12 21:08:17,2576
"499",2010-01-12 21:08:18,2598.95
"500",2010-01-12 21:08:19,2422.9
"501",2010-01-12 21:08:20,3074.35
"502",2010-01-12 21:08:21,2845.1
"503",2010-01-12 21:08:22,2102.5
"504",2010-01-12 21:08:23,2748.35
"505",2010-01-12 21:08:24,3269.15
"506",2010-01-12 21:08:25,2541.65
"507",2010-01-12 21:08:26,2315.15
"508",2010-01-12 21:08:27,2607.9
"509",2010-01-12 21:08:28,2797.8
"510",2010-01-12 21:08:29,2798.4
"511",2010-01-12 21:08:30,2514.45
"512",2010-01-12 21:08:31,2978.2
"513",2010-01-12 21:08:32,2829.1
"514",2010-01-12 21:08:33,2190.85
"515",2010-01-12 21:08:34,2694.8
"516",2010-01-12 21:08:35,2900.7
"517",2010-01-12 21:08:36,2611
"518",2010-01-12 21:08:37,2933.85
"519",2010-01-12 21:08:38,2641.9
"520",2010-01-12 21:08:39,2290.05
"521",2010-01-12 21:08:40,2530.9
"522",2010-01-12 21:08:41,3258.8
"523",2010-01-12 21:08:42,2548.8
"524",2010-01-12 21:08:43,2730.7
"525",2010-01-12 21:08:44,2541.05
"526",2010-01-12 21:08:45,2432.25
"527",2010-01-12 21:08:46,2583.8
"528",2010-01-12 21:08:47,3198
"529",2010-01-12 21:08:48,2796
"530",2010-01-12 21:08:49,2150.9
"531",2010-01-12 21:08:50,2807.9
"532",2010-01-12 21:08:51,2969.55
"533",2010-01-12 21:08:52,2680.8
"534",2010-01-12 21:08:53,2447.6
"535",2010-01-12 21:08:54,2458.35
"536",2010-01-12 21:08:55,2632.9
"537",2010-01-12 21:08:56,2958.95
"538",2010-01-12 21:08:57,3065.8
"539",2010-01-12 21:08:58,2570.85
"540",2010-01-12 21:08:59,2345.35
"541",2010-01-12 21:09:00,2436.8
"542",2010-01-12 21:09:01,2846.55
"543",2010-01-12 21:09:02,2745.1
"544",2010-01-12 21:09:03,2874.1
"545",2010-01-12 21:09:04,2694.25
"546",2010-01-12 21:09:05,2680.9
"547",2010-01-12 21:09:06,2593.75
"548",2010-01-12 21:09:07,2499.1
"549",2010-01-12 21:09:08,2876.4
"550",2010-01-12 21:09:09,2532.15
"551",2010-01-12 21:09:10,2783.85
"552",2010-01-12 21:09:11,2874.5
"553",2010-01-12 21:09:12,2421.75
"554",2010-01-12 21:09:13,2756.85
"555",2010-01-12 21:09:14,2978
"556",2010-01-12 21:09:15,2326.4
"557",2010-01-12 21:09:16,2477.35
"558",2010-01-12 21:09:17,2804.4
"559",2010-01-12 21:09:18,2831.9
"560",2010-01-12 21:09:19,2629.7
"561",2010-01-12 21:09:20,2604.7
"562",2010-01-12 21:09:21,2686.45
"563",2010-01-12 21:09:22,2867.7
"564",2010-01-12 21:09:23,2735.95
"565",2010-01-12 21:09:24,2287.45
"566",2010-01-12 21:09:25,2608.25
"567",2010-01-12 21:09:26,3036.75
"568",2010-01-12 21:09:27,2666
"569",2010-01-12 21:09:28,2504.95
"570",2010-01-12 21:09:29,2703.35
"571",2010-01-12 21:09:30,2934.55
"572",2010-01-12 21:09:31,2390.15
"573",2010-01-12 21:09:32,2228.1
"574",2010-01-12 21:09:33,3161.15
"575",2010-01-12 21:09:34,2910.05
"576",2010-01-12 21:09:35,2375.25
"577",2010-01-12 21:09:36,2596.8
"578",2010-01-12 21:09:37,2843.15
"579",2010-01-12 21:09:38,2863.1
"580",2010-01-12 21:09:39,2721
"581",2010-01-12 21:09:40,2295.7
"582",2010-01-12 21:09:41,2366.25
"583",2010-01-12 21:09:42,3091.85
"584",2010-01-12 21:09:43,3079.85
"585",2010-01-12 21:09:44,2285.55
"586",2010-01-12 21:09:45,2488.55
"587",2010-01-12 21:09:46,2501.25
"588",2010-01-12 21:09:47,3260.95
"589",2010-01-12 21:09:48,2751.2
"590",2010-01-12 21:09:49,2066.35
"591",2010-01-12 21:09:50,2570
"592",2010-01-12 21:09:51,3273.4
"593",2010-01-12 21:09:52,3066
"594",2010-01-12 21:09:53,2135.7
"595",2010-01-12 21:09:54,2230.35
"596",2010-01-12 21:09:55,3151.25
"597",2010-01-12 21:09:56,3109.4
"598",2010-01-12 21:09:57,2590.55
"599",2010-01-12 21:09:58,2217.45
"600",2010-01-12 21:09:59,2377.2
"601",2010-01-12 21:10:00,3007.85
"602",2010-01-12 21:10:01,3127.55
"603",2010-01-12 21:10:02,2321.05
"604",2010-01-12 21:10:03,2825.25
"605",2010-01-12 21:10:04,2438.9
"606",2010-01-12 21:10:05,2731.95
"607",2010-01-12 21:10:06,2761.95
"608",2010-01-12 21:10:07,2721.4
"609",2010-01-12 21:10:08,2654.6
"610",2010-01-12 21:10:09,2521.5
"611",2010-01-12 21:10:10,2782.35
"612",2010-01-12 21:10:11,2870.3
"613",2010-01-12 21:10:12,2581.45
"614",2010-01-12 21:10:13,2533.7
"615",2010-01-12 21:10:14,2596.95
"616",2010-01-12 21:10:15,2777.45
"617",2010-01-12 21:10:16,3051.6
"618",2010-01-12 21:10:17,2643.8
"619",2010-01-12 21:10:18,2196.7
"620",2010-01-12 21:10:19,2766.2
"621",2010-01-12 21:10:20,2887.1
"622",2010-01-12 21:10:21,2623.85
"623",2010-01-12 21:10:22,2596.6
"624",2010-01-12 21:10:23,2776.55
"625",2010-01-12 21:10:24,2603.1
"626",2010-01-12 21:10:25,2751.7
"627",2010-01-12 21:10:26,2996.6
"628",2010-01-12 21:10:27,2232.55
"629",2010-01-12 21:10:28,2662.95
"630",2010-01-12 21:10:29,2912.4
"631",2010-01-12 21:10:30,2480.6
"632",2010-01-12 21:10:31,2528.35
"633",2010-01-12 21:10:32,2835.1
"634",2010-01-12 21:10:33,3210.5
"635",2010-01-12 21:10:34,2499.15
"636",2010-01-12 21:10:35,1872.75
"637",2010-01-12 21:10:36,2957.3
"638",2010-01-12 21:10:37,3371.1
"639",2010-01-12 21:10:38,2498.6
"640",2010-01-12 21:10:39,2254.35
"641",2010-01-12 21:10:40,2826.85
"642",2010-01-12 21:10:41,2818.65
"643",2010-01-12 21:10:42,2553.4
"644",2010-01-12 21:10:43,2551.25
"645",2010-01-12 21:10:44,2841
"646",2010-01-12 21:10:45,2897.9
"647",2010-01-12 21:10:46,2728.85
"648",2010-01-12 21:10:47,2290.75
"649",2010-01-12 21:10:48,2783.5
"650",2010-01-12 21:10:49,3033.75
"651",2010-01-12 21:10:50,2630.05
"652",2010-01-12 21:10:51,2206.75
"653",2010-01-12 21:10:52,2598.15
"654",2010-01-12 21:10:53,3430.45
"655",2010-01-12 21:10:54,2449.7
"656",2010-01-12 21:10:55,1843.8
"657",2010-01-12 21:10:56,3143.85
"658",2010-01-12 21:10:57,3527.6
"659",2010-01-12 21:10:58,2080.45
"660",2010-01-12 21:10:59,1981.55
"661",2010-01-12 21:11:00,3153.85
"662",2010-01-12 21:11:01,3157.9
"663",2010-01-12 21:11:02,2497.5
"664",2010-01-12 21:11:03,2093.15
"665",2010-01-12 21:11:04,2901.65
"666",2010-01-12 21:11:05,3380.75
"667",2010-01-12 21:11:06,2535.95
"668",2010-01-12 21:11:07,1974.9
"669",2010-01-12 21:11:08,2727.8
"670",2010-01-12 21:11:09,3159.4
"671",2010-01-12 21:11:10,2419.35
"672",2010-01-12 21:11:11,2689.25
"673",2010-01-12 21:11:12,2963.25
"674",2010-01-12 21:11:13,2243.25
"675",2010-01-12 21:11:14,2325.9
"676",2010-01-12 21:11:15,3113
"677",2010-01-12 21:11:16,3246.2
"678",2010-01-12 21:11:17,2391.55
"679",2010-01-12 21:11:18,2005.9
"680",2010-01-12 21:11:19,2775.2
"681",2010-01-12 21:11:20,3485.65
"682",2010-01-12 21:11:21,2343.7
"683",2010-01-12 21:11:22,2284.35
"684",2010-01-12 21:11:23,3039.55
"685",2010-01-12 21:11:24,2782.6
"686",2010-01-12 21:11:25,2216.05
"687",2010-01-12 21:11:26,2566.75
"688",2010-01-12 21:11:27,2688.7
"689",2010-01-12 21:11:28,3319.7
"690",2010-01-12 21:11:29,2869.4
"691",2010-01-12 21:11:30,2079.65
"692",2010-01-12 21:11:31,2606.9
"693",2010-01-12 21:11:32,2961.85
"694",2010-01-12 21:11:33,2918.6
"695",2010-01-12 21:11:34,2304.2
"696",2010-01-12 21:11:35,2663
"697",2010-01-12 21:11:36,3025.25
"698",2010-01-12 21:11:37,2454.8
"699",2010-01-12 21:11:38,2680.65
"700",2010-01-12 21:11:39,3006.15
"701",2010-01-12 21:11:40,2554.05
"702",2010-01-12 21:11:41,2167.05
"703",2010-01-12 21:11:42,2764.7
"704",2010-01-12 21:11:43,2917.2
"705",2010-01-12 21:11:44,2901.6
"706",2010-01-12 21:11:45,2446
"707",2010-01-12 21:11:46,2610.5
"708",2010-01-12 21:11:47,2556.75
"709",2010-01-12 21:11:48,3208.8
"710",2010-01-12 21:11:49,2443.55
"711",2010-01-12 21:11:50,2200.75
"712",2010-01-12 21:11:51,3060.45
"713",2010-01-12 21:11:52,3221.15
"714",2010-01-12 21:11:53,2444.9
"715",2010-01-12 21:11:54,1967.7
"716",2010-01-12 21:11:55,2770
"717",2010-01-12 21:11:56,3048.3
"718",2010-01-12 21:11:57,2839.95
"719",2010-01-12 21:11:58,2287.25
"720",2010-01-12 21:11:59,2501.8
"721",2010-01-12 21:12:00,2888.65
"722",2010-01-12 21:12:01,2848.05
"723",2010-01-12 21:12:02,2653.75
"724",2010-01-12 21:12:03,2752.75
"725",2010-01-12 21:12:04,2356
"726",2010-01-12 21:12:05,2875.65
"727",2010-01-12 21:12:06,2986.4
"728",2010-01-12 21:12:07,2601.5
"729",2010-01-12 21:12:08,2202.9
"730",2010-01-12 21:12:09,2877.15
"731",2010-01-12 21:12:10,3236.6
"732",2010-01-12 21:12:11,2435.55
"733",2010-01-12 21:12:12,2091.5
"734",2010-01-12 21:12:13,3141.7
"735",2010-01-12 21:12:14,3072.25
"736",2010-01-12 21:12:15,2128.25
"737",2010-01-12 21:12:16,2641.95
"738",2010-01-12 21:12:17,2912.45
"739",2010-01-12 21:12:18,2515
"740",2010-01-12 21:12:19,2823.15
"741",2010-01-12 21:12:20,2884.35
"742",2010-01-12 21:12:21,2343.9
"743",2010-01-12 21:12:22,2891.15
"744",2010-01-12 21:12:23,2637.25
"745",2010-01-12 21:12:24,2370.2
"746",2010-01-12 21:12:25,2914.4
"747",2010-01-12 21:12:26,3013.4
"748",2010-01-12 21:12:27,2494.45
"749",2010-01-12 21:12:28,2169.6
"750",2010-01-12 21:12:29,2888.7
"751",2010-01-12 21:12:30,3068.9
"752",2010-01-12 21:12:31,2421.9
"753",2010-01-12 21:12:32,2466.05
"754",2010-01-12 21:12:33,2891.85
"755",2010-01-12 21:12:34,2760.45
"756",2010-01-12 21:12:35,2685.6
"757",2010-01-12 21:12:36,2534.25
"758",2010-01-12 21:12:37,2705.8
"759",2010-01-12 21:12:38,2655.05
"760",2010-01-12 21:12:39,2621.1
"761",2010-01-12 21:12:40,2922.8
"762",2010-01-12 21:12:41,2629.3
"763",2010-01-12 21:12:42,2601.75
"764",2010-01-12 21:12:43,2596.35
"765",2010-01-12 21:12:44,2527.3
"766",2010-01-12 21:12:45,3152.3
"767",2010-01-12 21:12:46,2707.5
"768",2010-01-12 21:12:47,2236.5
"769",2010-01-12 21:12:48,2541
"770",2010-01-12 21:12:49,3195.7
"771",2010-01-12 21:12:50,2949.2
"772",2010-01-12 21:12:51,2274.2
"773",2010-01-12 21:12:52,2357.4
"774",2010-01-12 21:12:53,3017.7
"775",2010-01-12 21:12:54,3064.1
"776",2010-01-12 21:12:55,2368.9
"777",2010-01-12 21:12:56,2315.35
"778",2010-01-12 21:12:57,2693
"779",2010-01-12 21:12:58,3522.7
"780",2010-01-12 21:12:59,2380.25
"781",2010-01-12 21:13:00,2076.25
"782",2010-01-12 21:13:01,2722.15
"783",2010-01-12 21:13:02,3261.7
"784",2010-01-12 21:13:03,2725.1
"785",2010-01-12 21:13:04,2160.9
"786",2010-01-12 21:13:05,2779.9
"787",2010-01-12 21:13:06,2895.35
"788",2010-01-12 21:13:07,2537.15
"789",2010-01-12 21:13:08,2770.1
"790",2010-01-12 21:13:09,2403.2
"791",2010-01-12 21:13:10,2876.95
"792",2010-01-12 21:13:11,2714.35
"793",2010-01-12 21:13:12,2451.1
"794",2010-01-12 21:13:13,2845.25
"795",2010-01-12 21:13:14,2789.5
"796",2010-01-12 21:13:15,2520.85
"797",2010-01-12 21:13:16,2543.3
"798",2010-01-12 21:13:17,2821.35
"799",2010-01-12 21:13:18,2709.7
"800",2010-01-12 21:13:19,2464.65
"801",2010-01-12 21:13:20,3200.65
"802",2010-01-12 21:13:21,2742.75
"803",2010-01-12 21:13:22,2023.45
"804",2010-01-12 21:13:23,2686.65
"805",2010-01-12 21:13:24,3179
"806",2010-01-12 21:13:25,2593.85
"807",2010-01-12 21:13:26,2539.8
"808",2010-01-12 21:13:27,2528.6
"809",2010-01-12 21:13:28,2836.95
"810",2010-01-12 21:13:29,2894.95
"811",2010-01-12 21:13:30,2474.55
"812",2010-01-12 21:13:31,2438
"813",2010-01-12 21:13:32,2809.9
"814",2010-01-12 21:13:33,2808.75
"815",2010-01-12 21:13:34,2851
"816",2010-01-12 21:13:35,2681.55
"817",2010-01-12 21:13:36,2630.65
"818",2010-01-12 21:13:37,2337.4
"819",2010-01-12 21:13:38,2762.15
"820",2010-01-12 21:13:39,2985.05
"821",2010-01-12 21:13:40,2725.75
"822",2010-01-12 21:13:41,2505.65
"823",2010-01-12 21:13:42,2640.95
"824",2010-01-12 21:13:43,2805.65
"825",2010-01-12 21:13:44,2581.15
"826",2010-01-12 21:13:45,2665.85
"827",2010-01-12 21:13:46,2918.05
"828",2010-01-12 21:13:47,2640
"829",2010-01-12 21:13:48,2236.5
"830",2010-01-12 21:13:49,2880.4
"831",2010-01-12 21:13:50,3036.75
"832",2010-01-12 21:13:51,2440.55
"833",2010-01-12 21:13:52,2593.75
"834",2010-01-12 21:13:53,2942.25
"835",2010-01-12 21:13:54,2592.7
"836",2010-01-12 21:13:55,2630.05
"837",2010-01-12 21:13:56,2616.3
"838",2010-01-12 21:13:57,2756.55
"839",2010-01-12 21:13:58,2601.85
"840",2010-01-12 21:13:59,2408.9
"841",2010-01-12 21:14:00,2877
"842",2010-01-12 21:14:01,2897.75
"843",2010-01-12 21:14:02,2511.25
"844",2010-01-12 21:14:03,2585.55
"845",2010-01-12 21:14:04,2772.9
"846",2010-01-12 21:14:05,2602.45
"847",2010-01-12 21:14:06,2569.05
"848",2010-01-12 21:14:07,3049.5
"849",2010-01-12 21:14:08,2644.7
"850",2010-01-12 21:14:09,2585.95
"851",2010-01-12 21:14:10,2731.55
"852",2010-01-12 21:14:11,2147
"853",2010-01-12 21:14:12,3083.4
"854",2010-01-12 21:14:13,2969.45
"855",2010-01-12 21:14:14,2523.95
"856",2010-01-12 21:14:15,2280.25
"857",2010-01-12 21:14:16,2746.25
"858",2010-01-12 21:14:17,3238.2
"859",2010-01-12 21:14:18,2612.6
"860",2010-01-12 21:14:19,2107.6
"861",2010-01-12 21:14:20,2871.05
"862",2010-01-12 21:14:21,3209.5
"863",2010-01-12 21:14:22,2551.05
"864",2010-01-12 21:14:23,2318.1
"865",2010-01-12 21:14:24,2768
"866",2010-01-12 21:14:25,3135.05
"867",2010-01-12 21:14:26,2409.95
"868",2010-01-12 21:14:27,2853.6
"869",2010-01-12 21:14:28,2413.7
"870",2010-01-12 21:14:29,2480.15
"871",2010-01-12 21:14:30,2964.9
"872",2010-01-12 21:14:31,2810.5
"873",2010-01-12 21:14:32,2272.45
"874",2010-01-12 21:14:33,2833.65
"875",2010-01-12 21:14:34,2899.95
"876",2010-01-12 21:14:35,2707.7
"877",2010-01-12 21:14:36,2326.25
"878",2010-01-12 21:14:37,2697.4
"879",2010-01-12 21:14:38,3123.4
"880",2010-01-12 21:14:39,2641.75
"881",2010-01-12 21:14:40,2603.3
"882",2010-01-12 21:14:41,2342.2
"883",2010-01-12 21:14:42,2530.65
"884",2010-01-12 21:14:43,3147.7
"885",2010-01-12 21:14:44,2818.4
"886",2010-01-12 21:14:45,2273.1
"887",2010-01-12 21:14:46,2410.2
"888",2010-01-12 21:14:47,2974.05
"889",2010-01-12 21:14:48,3136.9
"890",2010-01-12 21:14:49,2401.65
"891",2010-01-12 21:14:50,2216.35
"892",2010-01-12 21:14:51,3004.6
"893",2010-01-12 21:14:52,3087
"894",2010-01-12 21:14:53,2368.55
"895",2010-01-12 21:14:54,2580.9
"896",2010-01-12 21:14:55,2711.2
"897",2010-01-12 21:14:56,2585.75
"898",2010-01-12 21:14:57,2702.55
"899",2010-01-12 21:14:58,2921.7
"900",2010-01-12 21:14:59,2454.25
"901",2010-01-12 21:15:00,2564.5
"902",2010-01-12 21:15:01,3001.1
"903",2010-01-12 21:15:02,2730.5
"904",2010-01-12 21:15:03,2536.75
"905",2010-01-12 21:15:04,2265
"906",2010-01-12 21:15:05,2738.3
"907",2010-01-12 21:15:06,3247.1
"908",2010-01-12 21:15:07,2841.95
"909",2010-01-12 21:15:08,2314.65
"910",2010-01-12 21:15:09,2546.1
"911",2010-01-12 21:15:10,2662.45
"912",2010-01-12 21:15:11,2718.25
"913",2010-01-12 21:15:12,3204.35
"914",2010-01-12 21:15:13,2611.85
"915",2010-01-12 21:15:14,2469.2
"916",2010-01-12 21:15:15,2358.95
"917",2010-01-12 21:15:16,2908.65
"918",2010-01-12 21:15:17,2865.2
"919",2010-01-12 21:15:18,2599.4
"920",2010-01-12 21:15:19,2645.2
"921",2010-01-12 21:15:20,2733.05
"922",2010-01-12 21:15:21,2514.5
"923",2010-01-12 21:15:22,2800.8
"924",2010-01-12 21:15:23,2910.25
"925",2010-01-12 21:15:24,2488.1
"926",2010-01-12 21:15:25,2539.75
"927",2010-01-12 21:15:26,2745.7
"928",2010-01-12 21:15:27,2785.2
"929",2010-01-12 21:15:28,2731.6
"930",2010-01-12 21:15:29,2387.55
"931",2010-01-12 21:15:30,2406.25
"932",2010-01-12 21:15:31,3216.4
"933",2010-01-12 21:15:32,2749.5
"934",2010-01-12 21:15:33,2424.45
"935",2010-01-12 21:15:34,2384.2
"936",2010-01-12 21:15:35,2635.45
"937",2010-01-12 21:15:36,3177.4
"938",2010-01-12 21:15:37,2931.85
"939",2010-01-12 21:15:38,1968.2
"940",2010-01-12 21:15:39,2550.65
"941",2010-01-12 21:15:40,3205.8
"942",2010-01-12 21:15:41,2800.05
"943",2010-01-12 21:15:42,2277.3
"944",2010-01-12 21:15:43,2591.4
"945",2010-01-12 21:15:44,2960.8
"946",2010-01-12 21:15:45,2685.65
"947",2010-01-12 21:15:46,2815.75
"948",2010-01-12 21:15:47,2532.45
"949",2010-01-12 21:15:48,2610.75
"950",2010-01-12 21:15:49,2899.85
"951",2010-01-12 21:15:50,2222.3
"952",2010-01-12 21:15:51,2660.85
"953",2010-01-12 21:15:52,3145.5
"954",2010-01-12 21:15:53,2729.6
"955",2010-01-12 21:15:54,2384.35
"956",2010-01-12 21:15:55,2661.25
"957",2010-01-12 21:15:56,2523.6
"958",2010-01-12 21:15:57,2955.35
"959",2010-01-12 21:15:58,3140.85
"960",2010-01-12 21:15:59,2281.2
"961",2010-01-12 21:16:00,2084.25
"962",2010-01-12 21:16:01,3176.35
"963",2010-01-12 21:16:02,2891.25
"964",2010-01-12 21:16:03,2489.65
"965",2010-01-12 21:16:04,2714.2
"966",2010-01-12 21:16:05,2543.55
"967",2010-01-12 21:16:06,2840.3
"968",2010-01-12 21:16:07,2764.65
"969",2010-01-12 21:16:08,2516.75
"970",2010-01-12 21:16:09,2555.25
"971",2010-01-12 21:16:10,2897.15
"972",2010-01-12 21:16:11,2779.4
"973",2010-01-12 21:16:12,2687.75
"974",2010-01-12 21:16:13,2331.6
"975",2010-01-12 21:16:14,2455.55
"976",2010-01-12 21:16:15,3135.35
"977",2010-01-12 21:16:16,2835.4
"978",2010-01-12 21:16:17,2703.7
"979",2010-01-12 21:16:18,2600.4
"980",2010-01-12 21:16:19,2277.45
"981",2010-01-12 21:16:20,2804.25
"982",2010-01-12 21:16:21,3084.15
"983",2010-01-12 21:16:22,2560.05
"984",2010-01-12 21:16:23,2241.55
"985",2010-01-12 21:16:24,3005.85
"986",2010-01-12 21:16:25,2793.4
"987",2010-01-12 21:16:26,2727.95
"988",2010-01-12 21:16:27,2651.75
"989",2010-01-12 21:16:28,2229.6
"990",2010-01-12 21:16:29,2614.15
"991",2010-01-12 21:16:30,2955.05
"992",2010-01-12 21:16:31,2996.45
"993",2010-01-12 21:16:32,2644.3
"994",2010-01-12 21:16:33,2727.15
"995",2010-01-12 21:16:34,2473.7
"996",2010-01-12 21:16:35,2343.8
"997",2010-01-12 21:16:36,2817.75
"998",2010-01-12 21:16:37,3192.45
"999",2010-01-12 21:16:38,2361.95
"1000",2010-01-12 21:16:39,2235.35
"1001",2010-01-12 21:16:40,3120.45
"1002",2010-01-12 21:16:41,3151.85
"1003",2010-01-12 21:16:42,2367.9
"1004",2010-01-12 21:16:43,2369.35
"1005",2010-01-12 21:16:44,2689.1
"1006",2010-01-12 21:16:45,3218.35
"1007",2010-01-12 21:16:46,2655.7
"1008",2010-01-12 21:16:47,1994.6
"1009",2010-01-12 21:16:48,2771.65
"1010",2010-01-12 21:16:49,3079.6
"1011",2010-01-12 21:16:50,3008.75
"1012",2010-01-12 21:16:51,2317.25
"1013",2010-01-12 21:16:52,2166.2
"1014",2010-01-12 21:16:53,2919.45
"1015",2010-01-12 21:16:54,2983.95
"1016",2010-01-12 21:16:55,2424.5
"1017",2010-01-12 21:16:56,2670.65
"1018",2010-01-12 21:16:57,3084.05
"1019",2010-01-12 21:16:58,2581.9
"1020",2010-01-12 21:16:59,2422.85
"1021",2010-01-12 21:17:00,2558.55
"1022",2010-01-12 21:17:01,3138.8
"1023",2010-01-12 21:17:02,2416.95
"1024",2010-01-12 21:17:03,2489.35
"1025",2010-01-12 21:17:04,2776.5
"1026",2010-01-12 21:17:05,2921.25
"1027",2010-01-12 21:17:06,2640.8
"1028",2010-01-12 21:17:07,2470.25
"1029",2010-01-12 21:17:08,2854.65
"1030",2010-01-12 21:17:09,2599.45
"1031",2010-01-12 21:17:10,2520.4
"1032",2010-01-12 21:17:11,2611.25
"1033",2010-01-12 21:17:12,3116
"1034",2010-01-12 21:17:13,2826.4
"1035",2010-01-12 21:17:14,2356.2
"1036",2010-01-12 21:17:15,2298.9
"1037",2010-01-12 21:17:16,3139.05
"1038",2010-01-12 21:17:17,3067.95
"1039",2010-01-12 21:17:18,2424.65
"1040",2010-01-12 21:17:19,2317.3
"1041",2010-01-12 21:17:20,2666.3
"1042",2010-01-12 21:17:21,3166.5
"1043",2010-01-12 21:17:22,2721.9
"1044",2010-01-12 21:17:23,2315.5
"1045",2010-01-12 21:17:24,2525.9
"1046",2010-01-12 21:17:25,2918.75
"1047",2010-01-12 21:17:26,2937.05
"1048",2010-01-12 21:17:27,2447.8
"1049",2010-01-12 21:17:28,2491.45
"1050",2010-01-12 21:17:29,2725.85
"1051",2010-01-12 21:17:30,3062.9
"1052",2010-01-12 21:17:31,2376.9
"1053",2010-01-12 21:17:32,2417.65
"1054",2010-01-12 21:17:33,3062.6
"1055",2010-01-12 21:17:34,2732.25
"1056",2010-01-12 21:17:35,2660.05
"1057",2010-01-12 21:17:36,2446.75
"1058",2010-01-12 21:17:37,2428.65
"1059",2010-01-12 21:17:38,3201.95
"1060",2010-01-12 21:17:39,2953.7
"1061",2010-01-12 21:17:40,2179.15
"1062",2010-01-12 21:17:41,2389.55
"1063",2010-01-12 21:17:42,2944.45
"1064",2010-01-12 21:17:43,3172.35
"1065",2010-01-12 21:17:44,2607.2
"1066",2010-01-12 21:17:45,2176.3
"1067",2010-01-12 21:17:46,2905.5
"1068",2010-01-12 21:17:47,2754.85
"1069",2010-01-12 21:17:48,2453.85
"1070",2010-01-12 21:17:49,2928.35
"1071",2010-01-12 21:17:50,3014.35
"1072",2010-01-12 21:17:51,2291.25
"1073",2010-01-12 21:17:52,2371.05
"1074",2010-01-12 21:17:53,2903.85
"1075",2010-01-12 21:17:54,3100.4
"1076",2010-01-12 21:17:55,2639.25
"1077",2010-01-12 21:17:56,2183.6
"1078",2010-01-12 21:17:57,2664.05
"1079",2010-01-12 21:17:58,3223.95
"1080",2010-01-12 21:17:59,2705.65
"1081",2010-01-12 21:18:00,2330.4
"1082",2010-01-12 21:18:01,2094.4
"1083",2010-01-12 21:18:02,3228.8
"1084",2010-01-12 21:18:03,3550.7
"1085",2010-01-12 21:18:04,2102.6
"1086",2010-01-12 21:18:05,1887.3
"1087",2010-01-12 21:18:06,3097.45
"1088",2010-01-12 21:18:07,3195.45
"1089",2010-01-12 21:18:08,2516.85
"1090",2010-01-12 21:18:09,2291.25
"1091",2010-01-12 21:18:10,2785.9
"1092",2010-01-12 21:18:11,2826.8
"1093",2010-01-12 21:18:12,2928.4
"1094",2010-01-12 21:18:13,2479.5
"1095",2010-01-12 21:18:14,2449.05
"1096",2010-01-12 21:18:15,2711.9
"1097",2010-01-12 21:18:16,2747.8
"1098",2010-01-12 21:18:17,2863.85
"1099",2010-01-12 21:18:18,2758.85
"1100",2010-01-12 21:18:19,2684.6
"1101",2010-01-12 21:18:20,2402.4
"1102",2010-01-12 21:18:21,2535.05
"1103",2010-01-12 21:18:22,2992.8
"1104",2010-01-12 21:18:23,2943.95
"1105",2010-01-12 21:18:24,2143.9
"1106",2010-01-12 21:18:25,2437.65
"1107",2010-01-12 21:18:26,3445.75
"1108",2010-01-12 21:18:27,2857.3
"1109",2010-01-12 21:18:28,2250.15
"1110",2010-01-12 21:18:29,2104.9
"1111",2010-01-12 21:18:30,2775.4
"1112",2010-01-12 21:18:31,3264.9
"1113",2010-01-12 21:18:32,2811
"1114",2010-01-12 21:18:33,2330.25
"1115",2010-01-12 21:18:34,2606.3
"1116",2010-01-12 21:18:35,2966.75
"1117",2010-01-12 21:18:36,2648.55
"1118",2010-01-12 21:18:37,2143.85
"1119",2010-01-12 21:18:38,2823.4
"1120",2010-01-12 21:18:39,2939.5
"1121",2010-01-12 21:18:40,3070.35
"1122",2010-01-12 21:18:41,2635.8
"1123",2010-01-12 21:18:42,2113.8
"1124",2010-01-12 21:18:43,2399.35
"1125",2010-01-12 21:18:44,3401.5
"1126",2010-01-12 21:18:45,2795.2
"1127",2010-01-12 21:18:46,2272.7
"1128",2010-01-12 21:18:47,2548.65
"1129",2010-01-12 21:18:48,2676.75
"1130",2010-01-12 21:18:49,3008.05
"1131",2010-01-12 21:18:50,2720.45
"1132",2010-01-12 21:18:51,2435.9
"1133",2010-01-12 21:18:52,2810.8
"1134",2010-01-12 21:18:53,2489.8
"1135",2010-01-12 21:18:54,2874.15
"1136",2010-01-12 21:18:55,2691.05
"1137",2010-01-12 21:18:56,2867
"1138",2010-01-12 21:18:57,2730.7
"1139",2010-01-12 21:18:58,2487.05
"1140",2010-01-12 21:18:59,2407.05
"1141",2010-01-12 21:19:00,2896.05
"1142",2010-01-12 21:19:01,2878.75
"1143",2010-01-12 21:19:02,2491.75
"1144",2010-01-12 21:19:03,2142.75
"1145",2010-01-12 21:19:04,3443.8
"1146",2010-01-12 21:19:05,2885.75
"1147",2010-01-12 21:19:06,2097.4
"1148",2010-01-12 21:19:07,2583.1
"1149",2010-01-12 21:19:08,2711.35
"1150",2010-01-12 21:19:09,2991.95
"1151",2010-01-12 21:19:10,2918.45
"1152",2010-01-12 21:19:11,2425.75
"1153",2010-01-12 21:19:12,2428.3
"1154",2010-01-12 21:19:13,2853.55
"1155",2010-01-12 21:19:14,3145.4
"1156",2010-01-12 21:19:15,2463.2
"1157",2010-01-12 21:19:16,2303.55
"1158",2010-01-12 21:19:17,2771.2
"1159",2010-01-12 21:19:18,2879.65
"1160",2010-01-12 21:19:19,2692.8
"1161",2010-01-12 21:19:20,2730.85
"1162",2010-01-12 21:19:21,2628.95
"1163",2010-01-12 21:19:22,2327.85
"1164",2010-01-12 21:19:23,2781.75
"1165",2010-01-12 21:19:24,3141.85
"1166",2010-01-12 21:19:25,2636.65
"1167",2010-01-12 21:19:26,2345.8
"1168",2010-01-12 21:19:27,2776.25
"1169",2010-01-12 21:19:28,2574
"1170",2010-01-12 21:19:29,2765.65
"1171",2010-01-12 21:19:30,2994.65
"1172",2010-01-12 21:19:31,2450.6
"1173",2010-01-12 21:19:32,2498.45
"1174",2010-01-12 21:19:33,3056.4
"1175",2010-01-12 21:19:34,2477.35
"1176",2010-01-12 21:19:35,2770.95
"1177",2010-01-12 21:19:36,2579.85
"1178",2010-01-12 21:19:37,2713.3
"1179",2010-01-12 21:19:38,2546.6
"1180",2010-01-12 21:19:39,2417.2
"1181",2010-01-12 21:19:40,3391.35
"1182",2010-01-12 21:19:41,2963.05
"1183",2010-01-12 21:19:42,1892.65
"1184",2010-01-12 21:19:43,2525.6
"1185",2010-01-12 21:19:44,3001.55
"1186",2010-01-12 21:19:45,2870.45
"1187",2010-01-12 21:19:46,2690
"1188",2010-01-12 21:19:47,2532.8
"1189",2010-01-12 21:19:48,2728.8
"1190",2010-01-12 21:19:49,2815.65
"1191",2010-01-12 21:19:50,2454.5
"1192",2010-01-12 21:19:51,2569.1
"1193",2010-01-12 21:19:52,2733.95
"1194",2010-01-12 21:19:53,2819.05
"1195",2010-01-12 21:19:54,2603.2
"1196",2010-01-12 21:19:55,3016.3
"1197",2010-01-12 21:19:56,2524.75
"1198",2010-01-12 21:19:57,2396.1
"1199",2010-01-12 21:19:58,2535.25
"1200",2010-01-12 21:19:59,3203.85
"1201",2010-01-12 21:20:00,2767.9
"1202",2010-01-12 21:20:01,2319.05
"1203",2010-01-12 21:20:02,2460
"1204",2010-01-12 21:20:03,2940
"1205",2010-01-12 21:20:04,3077.4
"1206",2010-01-12 21:20:05,2500.9
"1207",2010-01-12 21:20:06,2373.35
"1208",2010-01-12 21:20:07,2584.45
"1209",2010-01-12 21:20:08,2912.9
"1210",2010-01-12 21:20:09,2782.4
"1211",2010-01-12 21:20:10,2760.95
"1212",2010-01-12 21:20:11,2526.1
"1213",2010-01-12 21:20:12,2499.65
"1214",2010-01-12 21:20:13,2990.4
"1215",2010-01-12 21:20:14,2897.45
"1216",2010-01-12 21:20:15,2259.9
"1217",2010-01-12 21:20:16,2509.9
"1218",2010-01-12 21:20:17,3335.9
"1219",2010-01-12 21:20:18,2759.45
"1220",2010-01-12 21:20:19,2206.4
"1221",2010-01-12 21:20:20,2840
"1222",2010-01-12 21:20:21,2352.1
"1223",2010-01-12 21:20:22,2793.35
"1224",2010-01-12 21:20:23,2794.65
"1225",2010-01-12 21:20:24,2688.75
"1226",2010-01-12 21:20:25,3110.9
"1227",2010-01-12 21:20:26,2418.6
"1228",2010-01-12 21:20:27,2162
"1229",2010-01-12 21:20:28,2815.25
"1230",2010-01-12 21:20:29,3384.5
"1231",2010-01-12 21:20:30,2335.5
"1232",2010-01-12 21:20:31,2535.45
"1233",2010-01-12 21:20:32,2694.6
"1234",2010-01-12 21:20:33,2828.1
"1235",2010-01-12 21:20:34,2760.75
"1236",2010-01-12 21:20:35,2414.9
"1237",2010-01-12 21:20:36,2477.7
"1238",2010-01-12 21:20:37,2933.4
"1239",2010-01-12 21:20:38,2841.2
"1240",2010-01-12 21:20:39,2547.2
"1241",2010-01-12 21:20:40,2619.3
"1242",2010-01-12 21:20:41,2762.45
"1243",2010-01-12 21:20:42,2567.7
"1244",2010-01-12 21:20:43,2483.75
"1245",2010-01-12 21:20:44,3168.55
"1246",2010-01-12 21:20:45,2944.6
"1247",2010-01-12 21:20:46,1984.7
"1248",2010-01-12 21:20:47,2637.05
"1249",2010-01-12 21:20:48,3343.05
"1250",2010-01-12 21:20:49,2699.5
"1251",2010-01-12 21:20:50,2319.25
"1252",2010-01-12 21:20:51,2658.8
"1253",2010-01-12 21:20:52,2827.95
"1254",2010-01-12 21:20:53,2704.75
"1255",2010-01-12 21:20:54,2680.95
"1256",2010-01-12 21:20:55,2555.55
"1257",2010-01-12 21:20:56,2807.9
"1258",2010-01-12 21:20:57,2706.55
"1259",2010-01-12 21:20:58,2622.15
"1260",2010-01-12 21:20:59,2751.75
"1261",2010-01-12 21:21:00,2489.85
"1262",2010-01-12 21:21:01,2593.9
"1263",2010-01-12 21:21:02,2956.8
"1264",2010-01-12 21:21:03,2869.8
"1265",2010-01-12 21:21:04,2338.45
"1266",2010-01-12 21:21:05,2911.1
"1267",2010-01-12 21:21:06,2850.95
"1268",2010-01-12 21:21:07,2541.3
"1269",2010-01-12 21:21:08,2446
"1270",2010-01-12 21:21:09,2716.05
"1271",2010-01-12 21:21:10,2846.65
"1272",2010-01-12 21:21:11,2798.9
"1273",2010-01-12 21:21:12,2811.85
"1274",2010-01-12 21:21:13,2422.15
"1275",2010-01-12 21:21:14,2307.55
"1276",2010-01-12 21:21:15,2799.3
"1277",2010-01-12 21:21:16,3173.7
"1278",2010-01-12 21:21:17,2837.2
"1279",2010-01-12 21:21:18,2398.55
"1280",2010-01-12 21:21:19,2371.75
"1281",2010-01-12 21:21:20,2831.95
"1282",2010-01-12 21:21:21,2954.3
"1283",2010-01-12 21:21:22,2740.15
"1284",2010-01-12 21:21:23,2509.5
"1285",2010-01-12 21:21:24,2331.15
"1286",2010-01-12 21:21:25,2798.3
"1287",2010-01-12 21:21:26,2969.6
"1288",2010-01-12 21:21:27,2575.55
"1289",2010-01-12 21:21:28,2425.3
"1290",2010-01-12 21:21:29,2653.5
"1291",2010-01-12 21:21:30,3048.1
"1292",2010-01-12 21:21:31,2625
"1293",2010-01-12 21:21:32,2530.2
"1294",2010-01-12 21:21:33,3014.6
"1295",2010-01-12 21:21:34,2375.7
"1296",2010-01-12 21:21:35,2552.6
"1297",2010-01-12 21:21:36,2931.15
"1298",2010-01-12 21:21:37,2907.15
"1299",2010-01-12 21:21:38,2588.45
"1300",2010-01-12 21:21:39,2262.85
"1301",2010-01-12 21:21:40,2688.25
"1302",2010-01-12 21:21:41,3067.8
"1303",2010-01-12 21:21:42,2618.65
"1304",2010-01-12 21:21:43,2558.3
"1305",2010-01-12 21:21:44,2764
"1306",2010-01-12 21:21:45,2346.15
"1307",2010-01-12 21:21:46,2831.7
"1308",2010-01-12 21:21:47,3143.2
"1309",2010-01-12 21:21:48,2560.45
"1310",2010-01-12 21:21:49,2295.15
"1311",2010-01-12 21:21:50,2679.9
"1312",2010-01-12 21:21:51,2812.05
"1313",2010-01-12 21:21:52,2958.35
"1314",2010-01-12 21:21:53,2700.8
"1315",2010-01-12 21:21:54,2314.3
"1316",2010-01-12 21:21:55,2601.25
"1317",2010-01-12 21:21:56,2897.65
"1318",2010-01-12 21:21:57,3244.5
"1319",2010-01-12 21:21:58,2302.9
"1320",2010-01-12 21:21:59,2030.35
"1321",2010-01-12 21:22:00,2818.45
"1322",2010-01-12 21:22:01,3204.8
"1323",2010-01-12 21:22:02,2807
"1324",2010-01-12 21:22:03,2308
"1325",2010-01-12 21:22:04,2620.8
"1326",2010-01-12 21:22:05,3090
"1327",2010-01-12 21:22:06,2585.25
"1328",2010-01-12 21:22:07,2306.45
"1329",2010-01-12 21:22:08,2825.1
"1330",2010-01-12 21:22:09,3005.45
"1331",2010-01-12 21:22:10,2627.5
"1332",2010-01-12 21:22:11,2560.45
"1333",2010-01-12 21:22:12,2722.15
"1334",2010-01-12 21:22:13,2721.5
"1335",2010-01-12 21:22:14,2465.6
"1336",2010-01-12 21:22:15,2876.4
"1337",2010-01-12 21:22:16,2906.05
"1338",2010-01-12 21:22:17,2221.65
"1339",2010-01-12 21:22:18,2784.35
"1340",2010-01-12 21:22:19,3321.7
"1341",2010-01-12 21:22:20,2519.75
"1342",2010-01-12 21:22:21,2013.35
"1343",2010-01-12 21:22:22,2999.6
"1344",2010-01-12 21:22:23,2684.35
"1345",2010-01-12 21:22:24,2872.6
"1346",2010-01-12 21:22:25,2843.1
"1347",2010-01-12 21:22:26,2567.65
"1348",2010-01-12 21:22:27,2359.15
"1349",2010-01-12 21:22:28,2897.5
"1350",2010-01-12 21:22:29,2914.75
"1351",2010-01-12 21:22:30,2298.15
"1352",2010-01-12 21:22:31,2628.35
"1353",2010-01-12 21:22:32,2938.75
"1354",2010-01-12 21:22:33,2711.65
"1355",2010-01-12 21:22:34,2848.45
"1356",2010-01-12 21:22:35,2741.15
"1357",2010-01-12 21:22:36,2098.05
"1358",2010-01-12 21:22:37,2593.3
"1359",2010-01-12 21:22:38,3335.7
"1360",2010-01-12 21:22:39,2546.15
"1361",2010-01-12 21:22:40,2229.85
"1362",2010-01-12 21:22:41,3009.8
"1363",2010-01-12 21:22:42,3069.7
"1364",2010-01-12 21:22:43,2537.05
"1365",2010-01-12 21:22:44,1987.2
"1366",2010-01-12 21:22:45,2937.7
"1367",2010-01-12 21:22:46,3390.45
"1368",2010-01-12 21:22:47,2325.15
"1369",2010-01-12 21:22:48,2120.25
"1370",2010-01-12 21:22:49,2986.1
"1371",2010-01-12 21:22:50,3140
"1372",2010-01-12 21:22:51,2646.25
"1373",2010-01-12 21:22:52,2254.35
"1374",2010-01-12 21:22:53,2515.75
"1375",2010-01-12 21:22:54,2602.25
"1376",2010-01-12 21:22:55,2967.55
"1377",2010-01-12 21:22:56,2956.3
"1378",2010-01-12 21:22:57,2594.9
"1379",2010-01-12 21:22:58,2356.9
"1380",2010-01-12 21:22:59,2576.9
"1381",2010-01-12 21:23:00,2974.2
"1382",2010-01-12 21:23:01,2705.2
"1383",2010-01-12 21:23:02,2504.15
"1384",2010-01-12 21:23:03,2594.6
"1385",2010-01-12 21:23:04,2863.05
"1386",2010-01-12 21:23:05,2786.45
"1387",2010-01-12 21:23:06,2701.1
"1388",2010-01-12 21:23:07,2722.8
"1389",2010-01-12 21:23:08,2623.95
"1390",2010-01-12 21:23:09,2160.15
"1391",2010-01-12 21:23:10,2934.65
"1392",2010-01-12 21:23:11,3367.5
"1393",2010-01-12 21:23:12,2768.55
"1394",2010-01-12 21:23:13,1946.25
"1395",2010-01-12 21:23:14,2415.5
"1396",2010-01-12 21:23:15,3270.2
"1397",2010-01-12 21:23:16,3000.1
"1398",2010-01-12 21:23:17,2223.6
"1399",2010-01-12 21:23:18,2302.3
"1400",2010-01-12 21:23:19,3300.45
"1401",2010-01-12 21:23:20,2925.9
"1402",2010-01-12 21:23:21,2302.8
"1403",2010-01-12 21:23:22,2469.6
"1404",2010-01-12 21:23:23,2739.75
"1405",2010-01-12 21:23:24,2964.75
"1406",2010-01-12 21:23:25,2665
"1407",2010-01-12 21:23:26,2569.45
"1408",2010-01-12 21:23:27,2798.2
"1409",2010-01-12 21:23:28,2755.05
"1410",2010-01-12 21:23:29,2607.7
"1411",2010-01-12 21:23:30,2618.3
"1412",2010-01-12 21:23:31,2368.3
"1413",2010-01-12 21:23:32,2945.5
"1414",2010-01-12 21:23:33,3013.05
"1415",2010-01-12 21:23:34,2420.35
"1416",2010-01-12 21:23:35,2565.25
"1417",2010-01-12 21:23:36,2903.25
"1418",2010-01-12 21:23:37,2743.95
"1419",2010-01-12 21:23:38,2488.6
"1420",2010-01-12 21:23:39,2573.25
"1421",2010-01-12 21:23:40,2747.35
"1422",2010-01-12 21:23:41,2955.8
"1423",2010-01-12 21:23:42,3009.35
"1424",2010-01-12 21:23:43,1896.6
"1425",2010-01-12 21:23:44,2647.25
"1426",2010-01-12 21:23:45,3023.15
"1427",2010-01-12 21:23:46,2955.1
"1428",2010-01-12 21:23:47,2669.7
"1429",2010-01-12 21:23:48,2421.15
"1430",2010-01-12 21:23:49,2466.35
"1431",2010-01-12 21:23:50,2788.05
"1432",2010-01-12 21:23:51,2786
"1433",2010-01-12 21:23:52,2812.1
"1434",2010-01-12 21:23:53,2566.75
"1435",2010-01-12 21:23:54,2702.95
"1436",2010-01-12 21:23:55,3034.15
"1437",2010-01-12 21:23:56,2264.7
"1438",2010-01-12 21:23:57,2283.25
"1439",2010-01-12 21:23:58,3293.85
"1440",2010-01-12 21:23:59,2912.25
"1441",2010-01-12 21:24:00,2426.2
"1442",2010-01-12 21:24:01,2762.55
"1443",2010-01-12 21:24:02,2647.05
"1444",2010-01-12 21:24:03,2508.3
"1445",2010-01-12 21:24:04,2664
"1446",2010-01-12 21:24:05,2761.1
"1447",2010-01-12 21:24:06,2410.45
"1448",2010-01-12 21:24:07,2809.3
"1449",2010-01-12 21:24:08,3259.2
"1450",2010-01-12 21:24:09,2532.15
"1451",2010-01-12 21:24:10,2095.5
"1452",2010-01-12 21:24:11,3141
"1453",2010-01-12 21:24:12,3097.65
"1454",2010-01-12 21:24:13,2312.8
"1455",2010-01-12 21:24:14,2015.4
"1456",2010-01-12 21:24:15,2941.15
"1457",2010-01-12 21:24:16,3653.15
"1458",2010-01-12 21:24:17,2578.2
"1459",2010-01-12 21:24:18,1823
"1460",2010-01-12 21:24:19,2545.65
"1461",2010-01-12 21:24:20,3070.5
"1462",2010-01-12 21:24:21,3248.95
"1463",2010-01-12 21:24:22,2311.25
"1464",2010-01-12 21:24:23,2068.95
"1465",2010-01-12 21:24:24,2813.1
"1466",2010-01-12 21:24:25,3392.05
"1467",2010-01-12 21:24:26,2752.55
"1468",2010-01-12 21:24:27,2232.55
"1469",2010-01-12 21:24:28,2584.4
"1470",2010-01-12 21:24:29,2927.35
"1471",2010-01-12 21:24:30,2675.25
"1472",2010-01-12 21:24:31,2445.35
"1473",2010-01-12 21:24:32,2556.1
"1474",2010-01-12 21:24:33,3450.45
"1475",2010-01-12 21:24:34,2631.2
"1476",2010-01-12 21:24:35,2029.6
"1477",2010-01-12 21:24:36,2554.45
"1478",2010-01-12 21:24:37,3145.5
"1479",2010-01-12 21:24:38,2747.9
"1480",2010-01-12 21:24:39,2282.3
"1481",2010-01-12 21:24:40,2606.7
"1482",2010-01-12 21:24:41,3222.95
"1483",2010-01-12 21:24:42,3012.45
"1484",2010-01-12 21:24:43,2153.35
"1485",2010-01-12 21:24:44,1875.8
"1486",2010-01-12 21:24:45,3279.8
"1487",2010-01-12 21:24:46,3222.8
"1488",2010-01-12 21:24:47,2743.75
"1489",2010-01-12 21:24:48,2227.65
"1490",2010-01-12 21:24:49,2465.95
"1491",2010-01-12 21:24:50,3299.85
"1492",2010-01-12 21:24:51,2672.75
"1493",2010-01-12 21:24:52,2110.75
"1494",2010-01-12 21:24:53,2868.05
"1495",2010-01-12 21:24:54,2885.8
"1496",2010-01-12 21:24:55,2582.2
"1497",2010-01-12 21:24:56,2513.85
"1498",2010-01-12 21:24:57,3269.65
"1499",2010-01-12 21:24:58,2130.45
"1500",2010-01-12 21:24:59,2069.1
"1501",2010-01-12 21:25:00,3431.95
"1502",2010-01-12 21:25:01,3203.35
"1503",2010-01-12 21:25:02,2291.05
"1504",2010-01-12 21:25:03,2279.8
"1505",2010-01-12 21:25:04,2910.25
"1506",2010-01-12 21:25:05,2997.35
"1507",2010-01-12 21:25:06,2574.9
"1508",2010-01-12 21:25:07,2237.05
"1509",2010-01-12 21:25:08,3003.2
"1510",2010-01-12 21:25:09,3063.05
"1511",2010-01-12 21:25:10,2343
"1512",2010-01-12 21:25:11,2383.8
"1513",2010-01-12 21:25:12,2938.3
"1514",2010-01-12 21:25:13,2950.1
"1515",2010-01-12 21:25:14,2601.6
"1516",2010-01-12 21:25:15,2479.45
"1517",2010-01-12 21:25:16,2249.45
"1518",2010-01-12 21:25:17,3293.75
"1519",2010-01-12 21:25:18,3074.75
"1520",2010-01-12 21:25:19,1946.6
"1521",2010-01-12 21:25:20,2281.1
"1522",2010-01-12 21:25:21,3248.2
"1523",2010-01-12 21:25:22,3314.65
"1524",2010-01-12 21:25:23,2184.75
"1525",2010-01-12 21:25:24,1963.85
"1526",2010-01-12 21:25:25,3228.85
"1527",2010-01-12 21:25:26,3219.4
"1528",2010-01-12 21:25:27,2545.25
"1529",2010-01-12 21:25:28,1909.75
"1530",2010-01-12 21:25:29,2753.6
"1531",2010-01-12 21:25:30,3398.05
"1532",2010-01-12 21:25:31,2736.3
"1533",2010-01-12 21:25:32,2155.3
"1534",2010-01-12 21:25:33,2770.6
"1535",2010-01-12 21:25:34,2959.7
"1536",2010-01-12 21:25:35,2585.35
"1537",2010-01-12 21:25:36,2411.15
"1538",2010-01-12 21:25:37,2623.4
"1539",2010-01-12 21:25:38,2933.65
"1540",2010-01-12 21:25:39,3046.95
"1541",2010-01-12 21:25:40,2410.6
"1542",2010-01-12 21:25:41,2222.65
"1543",2010-01-12 21:25:42,3046.25
"1544",2010-01-12 21:25:43,2939.3
"1545",2010-01-12 21:25:44,2364.85
"1546",2010-01-12 21:25:45,2842.7
"1547",2010-01-12 21:25:46,2792.3
"1548",2010-01-12 21:25:47,2550.6
"1549",2010-01-12 21:25:48,2868.7
"1550",2010-01-12 21:25:49,2445.2
"1551",2010-01-12 21:25:50,2635.3
"1552",2010-01-12 21:25:51,3084.85
"1553",2010-01-12 21:25:52,2547.75
"1554",2010-01-12 21:25:53,2470.8
"1555",2010-01-12 21:25:54,2572.3
"1556",2010-01-12 21:25:55,3072.7
"1557",2010-01-12 21:25:56,2782.7
"1558",2010-01-12 21:25:57,2552.45
"1559",2010-01-12 21:25:58,2533.6
"1560",2010-01-12 21:25:59,2806.8
"1561",2010-01-12 21:26:00,2606.1
"1562",2010-01-12 21:26:01,2721.05
"1563",2010-01-12 21:26:02,2659.5
"1564",2010-01-12 21:26:03,2820.75
"1565",2010-01-12 21:26:04,2742.35
"1566",2010-01-12 21:26:05,2390.5
"1567",2010-01-12 21:26:06,2651.15
"1568",2010-01-12 21:26:07,2925.25
"1569",2010-01-12 21:26:08,2808.5
"1570",2010-01-12 21:26:09,2688.7
"1571",2010-01-12 21:26:10,2583.7
"1572",2010-01-12 21:26:11,2292.1
"1573",2010-01-12 21:26:12,2905.2
"1574",2010-01-12 21:26:13,3150.45
"1575",2010-01-12 21:26:14,2447.7
"1576",2010-01-12 21:26:15,2224
"1577",2010-01-12 21:26:16,3048.55
"1578",2010-01-12 21:26:17,2824.2
"1579",2010-01-12 21:26:18,2741.5
"1580",2010-01-12 21:26:19,2328
"1581",2010-01-12 21:26:20,2550.8
"1582",2010-01-12 21:26:21,3376.3
"1583",2010-01-12 21:26:22,2524.85
"1584",2010-01-12 21:26:23,2356.35
"1585",2010-01-12 21:26:24,2983.7
"1586",2010-01-12 21:26:25,2670.6
"1587",2010-01-12 21:26:26,2592.65
"1588",2010-01-12 21:26:27,2666.2
"1589",2010-01-12 21:26:28,2632.7
"1590",2010-01-12 21:26:29,2966.55
"1591",2010-01-12 21:26:30,2599.6
"1592",2010-01-12 21:26:31,2705.3
"1593",2010-01-12 21:26:32,2560.45
"1594",2010-01-12 21:26:33,2814.1
"1595",2010-01-12 21:26:34,2750.25
"1596",2010-01-12 21:26:35,2384.7
"1597",2010-01-12 21:26:36,2458.35
"1598",2010-01-12 21:26:37,2712.2
"1599",2010-01-12 21:26:38,3129.3
"1600",2010-01-12 21:26:39,2885.3
"1601",2010-01-12 21:26:40,2341
"1602",2010-01-12 21:26:41,2574.6
"1603",2010-01-12 21:26:42,2790.6
"1604",2010-01-12 21:26:43,2781.5
"1605",2010-01-12 21:26:44,2770.6
"1606",2010-01-12 21:26:45,2159.55
"1607",2010-01-12 21:26:46,3079.15
"1608",2010-01-12 21:26:47,3238.75
"1609",2010-01-12 21:26:48,2032.8
"1610",2010-01-12 21:26:49,2424.7
"1611",2010-01-12 21:26:50,3159.4
"1612",2010-01-12 21:26:51,2952.65
"1613",2010-01-12 21:26:52,2382.5
"1614",2010-01-12 21:26:53,2533.8
"1615",2010-01-12 21:26:54,2875.65
"1616",2010-01-12 21:26:55,2473.7
"1617",2010-01-12 21:26:56,2761.4
"1618",2010-01-12 21:26:57,2976.6
"1619",2010-01-12 21:26:58,2658.85
"1620",2010-01-12 21:26:59,2278.2
"1621",2010-01-12 21:27:00,2811.7
"1622",2010-01-12 21:27:01,3041.6
"1623",2010-01-12 21:27:02,2422.85
"1624",2010-01-12 21:27:03,2662.75
"1625",2010-01-12 21:27:04,2711.15
"1626",2010-01-12 21:27:05,2946.95
"1627",2010-01-12 21:27:06,2806.7
"1628",2010-01-12 21:27:07,2267.95
"1629",2010-01-12 21:27:08,2365.55
"1630",2010-01-12 21:27:09,2894.15
"1631",2010-01-12 21:27:10,3018.45
"1632",2010-01-12 21:27:11,2409.85
"1633",2010-01-12 21:27:12,2499.4
"1634",2010-01-12 21:27:13,2959.35
"1635",2010-01-12 21:27:14,2835.5
"1636",2010-01-12 21:27:15,2696.75
"1637",2010-01-12 21:27:16,2352.45
"1638",2010-01-12 21:27:17,2535.25
"1639",2010-01-12 21:27:18,2764.8
"1640",2010-01-12 21:27:19,2993.45
"1641",2010-01-12 21:27:20,2862.15
"1642",2010-01-12 21:27:21,2623.65
"1643",2010-01-12 21:27:22,2270.8
"1644",2010-01-12 21:27:23,2611.55
"1645",2010-01-12 21:27:24,2816.45
"1646",2010-01-12 21:27:25,2796.25
"1647",2010-01-12 21:27:26,2672.05
"1648",2010-01-12 21:27:27,2399.2
"1649",2010-01-12 21:27:28,2821.05
"1650",2010-01-12 21:27:29,3082.4
"1651",2010-01-12 21:27:30,2281.85
"1652",2010-01-12 21:27:31,2834.9
"1653",2010-01-12 21:27:32,2986.35
"1654",2010-01-12 21:27:33,2503.75
"1655",2010-01-12 21:27:34,2323
"1656",2010-01-12 21:27:35,2894.1
"1657",2010-01-12 21:27:36,3198.85
"1658",2010-01-12 21:27:37,2479
"1659",2010-01-12 21:27:38,2328.95
"1660",2010-01-12 21:27:39,2999.15
"1661",2010-01-12 21:27:40,2540.35
"1662",2010-01-12 21:27:41,2659.4
"1663",2010-01-12 21:27:42,2692.75
"1664",2010-01-12 21:27:43,2616.25
"1665",2010-01-12 21:27:44,2733.3
"1666",2010-01-12 21:27:45,2911.75
"1667",2010-01-12 21:27:46,2621.65
"1668",2010-01-12 21:27:47,2654.1
"1669",2010-01-12 21:27:48,2445.8
"1670",2010-01-12 21:27:49,3035.25
"1671",2010-01-12 21:27:50,2824.25
"1672",2010-01-12 21:27:51,2506.75
"1673",2010-01-12 21:27:52,2540
"1674",2010-01-12 21:27:53,2840.7
"1675",2010-01-12 21:27:54,2784.7
"1676",2010-01-12 21:27:55,2405.35
"1677",2010-01-12 21:27:56,2693.5
"1678",2010-01-12 21:27:57,2908
"1679",2010-01-12 21:27:58,2689.85
"1680",2010-01-12 21:27:59,2408.65
"1681",2010-01-12 21:28:00,2841.15
"1682",2010-01-12 21:28:01,2863.5
"1683",2010-01-12 21:28:02,2661.05
"1684",2010-01-12 21:28:03,2475.25
"1685",2010-01-12 21:28:04,2731.1
"1686",2010-01-12 21:28:05,2925.7
"1687",2010-01-12 21:28:06,2909
"1688",2010-01-12 21:28:07,2590.8
"1689",2010-01-12 21:28:08,2413.25
"1690",2010-01-12 21:28:09,2470.55
"1691",2010-01-12 21:28:10,3138.45
"1692",2010-01-12 21:28:11,2548.3
"1693",2010-01-12 21:28:12,2717.85
"1694",2010-01-12 21:28:13,2520.55
"1695",2010-01-12 21:28:14,2390.55
"1696",2010-01-12 21:28:15,3014.95
"1697",2010-01-12 21:28:16,2849.7
"1698",2010-01-12 21:28:17,2600.7
"1699",2010-01-12 21:28:18,2448.25
"1700",2010-01-12 21:28:19,2738.05
"1701",2010-01-12 21:28:20,3138.65
"1702",2010-01-12 21:28:21,2512
"1703",2010-01-12 21:28:22,2524.45
"1704",2010-01-12 21:28:23,2453.6
"1705",2010-01-12 21:28:24,3017.95
"1706",2010-01-12 21:28:25,3071.1
"1707",2010-01-12 21:28:26,2234.85
"1708",2010-01-12 21:28:27,2355
"1709",2010-01-12 21:28:28,3037.35
"1710",2010-01-12 21:28:29,2610.2
"1711",2010-01-12 21:28:30,2700.95
"1712",2010-01-12 21:28:31,2936.2
"1713",2010-01-12 21:28:32,2434.9
"1714",2010-01-12 21:28:33,2608.45
"1715",2010-01-12 21:28:34,2944.8
"1716",2010-01-12 21:28:35,2558.25
"1717",2010-01-12 21:28:36,2588.4
"1718",2010-01-12 21:28:37,2765.3
"1719",2010-01-12 21:28:38,3089.6
"1720",2010-01-12 21:28:39,2799.7
"1721",2010-01-12 21:28:40,2218.7
"1722",2010-01-12 21:28:41,2209.2
"1723",2010-01-12 21:28:42,3087.4
"1724",2010-01-12 21:28:43,3471.5
"1725",2010-01-12 21:28:44,2060.75
"1726",2010-01-12 21:28:45,2177.95
"1727",2010-01-12 21:28:46,3183.3
"1728",2010-01-12 21:28:47,2898.2
"1729",2010-01-12 21:28:48,2487
"1730",2010-01-12 21:28:49,2549.65
"1731",2010-01-12 21:28:50,2887
"1732",2010-01-12 21:28:51,2548.45
"1733",2010-01-12 21:28:52,2718
"1734",2010-01-12 21:28:53,2962
"1735",2010-01-12 21:28:54,2688.4
"1736",2010-01-12 21:28:55,2253.75
"1737",2010-01-12 21:28:56,2934.75
"1738",2010-01-12 21:28:57,3007.85
"1739",2010-01-12 21:28:58,2188.65
"1740",2010-01-12 21:28:59,2908.2
"1741",2010-01-12 21:29:00,3051.9
"1742",2010-01-12 21:29:01,2255.6
"1743",2010-01-12 21:29:02,2670.25
"1744",2010-01-12 21:29:03,2688.5
"1745",2010-01-12 21:29:04,2628.4
"1746",2010-01-12 21:29:05,2892.65
"1747",2010-01-12 21:29:06,3071.9
"1748",2010-01-12 21:29:07,2508.15
"1749",2010-01-12 21:29:08,2248
"1750",2010-01-12 21:29:09,2716.95
"1751",2010-01-12 21:29:10,2956.25
"1752",2010-01-12 21:29:11,3004.6
"1753",2010-01-12 21:29:12,2479.15
"1754",2010-01-12 21:29:13,2115.55
"1755",2010-01-12 21:29:14,3062.3
"1756",2010-01-12 21:29:15,3025.35
"1757",2010-01-12 21:29:16,2306.25
"1758",2010-01-12 21:29:17,2668.9
"1759",2010-01-12 21:29:18,2799
"1760",2010-01-12 21:29:19,2738.6
"1761",2010-01-12 21:29:20,2835.95
"1762",2010-01-12 21:29:21,2715.6
"1763",2010-01-12 21:29:22,2175.75
"1764",2010-01-12 21:29:23,2889.45
"1765",2010-01-12 21:29:24,2840.65
"1766",2010-01-12 21:29:25,2664.2
"1767",2010-01-12 21:29:26,2855.3
"1768",2010-01-12 21:29:27,2806.5
"1769",2010-01-12 21:29:28,2567.75
"1770",2010-01-12 21:29:29,2400.25
"1771",2010-01-12 21:29:30,2777.15
"1772",2010-01-12 21:29:31,2558.7
"1773",2010-01-12 21:29:32,2984.6
"1774",2010-01-12 21:29:33,2889.05
"1775",2010-01-12 21:29:34,2748.3
"1776",2010-01-12 21:29:35,2337.85
"1777",2010-01-12 21:29:36,2316.8
"1778",2010-01-12 21:29:37,3068.6
"1779",2010-01-12 21:29:38,2970.95
"1780",2010-01-12 21:29:39,2180.05
"1781",2010-01-12 21:29:40,2623.7
"1782",2010-01-12 21:29:41,3572.55
"1783",2010-01-12 21:29:42,2529.8
"1784",2010-01-12 21:29:43,1972.25
"1785",2010-01-12 21:29:44,2923.15
"1786",2010-01-12 21:29:45,3022.45
"1787",2010-01-12 21:29:46,2891.4
"1788",2010-01-12 21:29:47,2108.25
"1789",2010-01-12 21:29:48,2628.1
"1790",2010-01-12 21:29:49,2961.8
"1791",2010-01-12 21:29:50,2833
"1792",2010-01-12 21:29:51,2536.7
"1793",2010-01-12 21:29:52,2633.2
"1794",2010-01-12 21:29:53,2903.4
"1795",2010-01-12 21:29:54,2700.3
"1796",2010-01-12 21:29:55,2459.75
"1797",2010-01-12 21:29:56,2653.05
"1798",2010-01-12 21:29:57,2790
"1799",2010-01-12 21:29:58,2718.75
"1800",2010-01-12 21:29:59,2462.25
"1801",2010-01-12 21:30:00,3055.5
"1802",2010-01-12 21:30:01,2739.3
"1803",2010-01-12 21:30:02,2711.95
"1804",2010-01-12 21:30:03,2118.7
"1805",2010-01-12 21:30:04,2666.05
"1806",2010-01-12 21:30:05,3006.6
"1807",2010-01-12 21:30:06,2993.8
"1808",2010-01-12 21:30:07,2261.35
"1809",2010-01-12 21:30:08,2746.9
"1810",2010-01-12 21:30:09,3011.55
"1811",2010-01-12 21:30:10,2391.8
"1812",2010-01-12 21:30:11,2546.35
"1813",2010-01-12 21:30:12,2904
"1814",2010-01-12 21:30:13,2858.55
"1815",2010-01-12 21:30:14,2735.3
"1816",2010-01-12 21:30:15,2467.55
"1817",2010-01-12 21:30:16,2570.3
"1818",2010-01-12 21:30:17,2839.15
"1819",2010-01-12 21:30:18,2626.1
"1820",2010-01-12 21:30:19,2695.7
"1821",2010-01-12 21:30:20,2778.35
"1822",2010-01-12 21:30:21,2730.3
"1823",2010-01-12 21:30:22,2482.35
"1824",2010-01-12 21:30:23,2725.45
"1825",2010-01-12 21:30:24,2893.85
"1826",2010-01-12 21:30:25,2729.8
"1827",2010-01-12 21:30:26,2411.65
"1828",2010-01-12 21:30:27,2827.95
"1829",2010-01-12 21:30:28,2911.05
"1830",2010-01-12 21:30:29,2373.25
"1831",2010-01-12 21:30:30,2554.05
"1832",2010-01-12 21:30:31,2982.3
"1833",2010-01-12 21:30:32,2804.25
"1834",2010-01-12 21:30:33,2414.6
"1835",2010-01-12 21:30:34,2538.1
"1836",2010-01-12 21:30:35,2709.2
"1837",2010-01-12 21:30:36,3124.5
"1838",2010-01-12 21:30:37,2966.3
"1839",2010-01-12 21:30:38,2282.25
"1840",2010-01-12 21:30:39,2095.25
"1841",2010-01-12 21:30:40,2885.75
"1842",2010-01-12 21:30:41,3267.45
"1843",2010-01-12 21:30:42,2578.65
"1844",2010-01-12 21:30:43,2550.55
"1845",2010-01-12 21:30:44,2800.45
"1846",2010-01-12 21:30:45,2898.05
"1847",2010-01-12 21:30:46,2375.3
"1848",2010-01-12 21:30:47,2288.7
"1849",2010-01-12 21:30:48,2966.8
"1850",2010-01-12 21:30:49,3177.85
"1851",2010-01-12 21:30:50,2498.3
"1852",2010-01-12 21:30:51,2440.5
"1853",2010-01-12 21:30:52,2605.65
"1854",2010-01-12 21:30:53,2839.95
"1855",2010-01-12 21:30:54,2896
"1856",2010-01-12 21:30:55,2749.3
"1857",2010-01-12 21:30:56,2264.4
"1858",2010-01-12 21:30:57,2904.2
"1859",2010-01-12 21:30:58,3078.85
"1860",2010-01-12 21:30:59,2406.65
"1861",2010-01-12 21:31:00,2530.2
"1862",2010-01-12 21:31:01,2821.55
"1863",2010-01-12 21:31:02,2818.2
"1864",2010-01-12 21:31:03,3045.35
"1865",2010-01-12 21:31:04,2190.6
"1866",2010-01-12 21:31:05,2480.05
"1867",2010-01-12 21:31:06,2704.2
"1868",2010-01-12 21:31:07,2886.95
"1869",2010-01-12 21:31:08,2882.15
"1870",2010-01-12 21:31:09,2693.45
"1871",2010-01-12 21:31:10,2407.45
"1872",2010-01-12 21:31:11,2821.1
"1873",2010-01-12 21:31:12,2575.45
"1874",2010-01-12 21:31:13,2441.8
"1875",2010-01-12 21:31:14,2839.15
"1876",2010-01-12 21:31:15,2981.4
"1877",2010-01-12 21:31:16,2698.15
"1878",2010-01-12 21:31:17,2721.95
"1879",2010-01-12 21:31:18,2679.3
"1880",2010-01-12 21:31:19,2748.7
"1881",2010-01-12 21:31:20,2622.95
"1882",2010-01-12 21:31:21,2414.65
"1883",2010-01-12 21:31:22,2771.65
"1884",2010-01-12 21:31:23,2924.65
"1885",2010-01-12 21:31:24,2940.9
"1886",2010-01-12 21:31:25,2675.05
"1887",2010-01-12 21:31:26,2107.4
"1888",2010-01-12 21:31:27,2495.5
"1889",2010-01-12 21:31:28,3194
"1890",2010-01-12 21:31:29,2880.35
"1891",2010-01-12 21:31:30,2197.8
"1892",2010-01-12 21:31:31,2621.6
"1893",2010-01-12 21:31:32,3336.15
"1894",2010-01-12 21:31:33,2639.55
"1895",2010-01-12 21:31:34,2144.1
"1896",2010-01-12 21:31:35,2882.85
"1897",2010-01-12 21:31:36,3123
"1898",2010-01-12 21:31:37,2126.95
"1899",2010-01-12 21:31:38,2765.9
"1900",2010-01-12 21:31:39,3143.55
"1901",2010-01-12 21:31:40,2502.9
"1902",2010-01-12 21:31:41,2509.1
"1903",2010-01-12 21:31:42,2660.45
"1904",2010-01-12 21:31:43,2546.1
"1905",2010-01-12 21:31:44,3050.4
"1906",2010-01-12 21:31:45,2790
"1907",2010-01-12 21:31:46,2665.15
"1908",2010-01-12 21:31:47,2198.25
"1909",2010-01-12 21:31:48,2692.85
"1910",2010-01-12 21:31:49,3021.5
"1911",2010-01-12 21:31:50,3022.65
"1912",2010-01-12 21:31:51,2264.35
"1913",2010-01-12 21:31:52,2320.6
"1914",2010-01-12 21:31:53,3025.3
"1915",2010-01-12 21:31:54,3431.5
"1916",2010-01-12 21:31:55,2186.45
"1917",2010-01-12 21:31:56,1842.65
"1918",2010-01-12 21:31:57,2921.05
"1919",2010-01-12 21:31:58,3315.45
"1920",2010-01-12 21:31:59,2814.85
"1921",2010-01-12 21:32:00,2215.8
"1922",2010-01-12 21:32:01,2543.85
"1923",2010-01-12 21:32:02,3122
"1924",2010-01-12 21:32:03,2694.35
"1925",2010-01-12 21:32:04,2350.9
"1926",2010-01-12 21:32:05,2793.75
"1927",2010-01-12 21:32:06,3078.4
"1928",2010-01-12 21:32:07,2841.5
"1929",2010-01-12 21:32:08,2411.55
"1930",2010-01-12 21:32:09,2218.45
"1931",2010-01-12 21:32:10,3024.45
"1932",2010-01-12 21:32:11,2622.05
"1933",2010-01-12 21:32:12,2702.5
"1934",2010-01-12 21:32:13,2882.85
"1935",2010-01-12 21:32:14,2746.8
"1936",2010-01-12 21:32:15,2809.65
"1937",2010-01-12 21:32:16,2211.85
"1938",2010-01-12 21:32:17,2422.85
"1939",2010-01-12 21:32:18,3182.8
"1940",2010-01-12 21:32:19,3268.1
"1941",2010-01-12 21:32:20,2114.55
"1942",2010-01-12 21:32:21,2409.55
"1943",2010-01-12 21:32:22,3345.75
"1944",2010-01-12 21:32:23,2576.4
"1945",2010-01-12 21:32:24,2375.9
"1946",2010-01-12 21:32:25,2774.1
"1947",2010-01-12 21:32:26,2581.75
"1948",2010-01-12 21:32:27,2802.1
"1949",2010-01-12 21:32:28,3121.85
"1950",2010-01-12 21:32:29,2337.55
"1951",2010-01-12 21:32:30,2289.5
"1952",2010-01-12 21:32:31,2957.7
"1953",2010-01-12 21:32:32,3171.3
"1954",2010-01-12 21:32:33,2537.55
"1955",2010-01-12 21:32:34,2226.75
"1956",2010-01-12 21:32:35,2601.05
"1957",2010-01-12 21:32:36,3250.05
"1958",2010-01-12 21:32:37,3015.9
"1959",2010-01-12 21:32:38,2292.55
"1960",2010-01-12 21:32:39,2635.2
"1961",2010-01-12 21:32:40,2727.55
"1962",2010-01-12 21:32:41,2709.05
"1963",2010-01-12 21:32:42,2601.75
"1964",2010-01-12 21:32:43,2630.35
"1965",2010-01-12 21:32:44,2704.65
"1966",2010-01-12 21:32:45,2959.25
"1967",2010-01-12 21:32:46,2405.8
"1968",2010-01-12 21:32:47,2480.4
"1969",2010-01-12 21:32:48,3209.15
"1970",2010-01-12 21:32:49,2802.6
"1971",2010-01-12 21:32:50,2226.85
"1972",2010-01-12 21:32:51,2606.9
"1973",2010-01-12 21:32:52,2977.35
"1974",2010-01-12 21:32:53,2986.05
"1975",2010-01-12 21:32:54,2831.95
"1976",2010-01-12 21:32:55,2510.7
"1977",2010-01-12 21:32:56,2308.35
"1978",2010-01-12 21:32:57,3020.05
"1979",2010-01-12 21:32:58,2683.85
"1980",2010-01-12 21:32:59,2431.95
"1981",2010-01-12 21:33:00,2646.3
"1982",2010-01-12 21:33:01,2757.75
"1983",2010-01-12 21:33:02,3016.7
"1984",2010-01-12 21:33:03,2704.75
"1985",2010-01-12 21:33:04,2406.85
"1986",2010-01-12 21:33:05,2395
"1987",2010-01-12 21:33:06,2967.9
"1988",2010-01-12 21:33:07,3218.8
"1989",2010-01-12 21:33:08,2666.5
"1990",2010-01-12 21:33:09,2413.3
"1991",2010-01-12 21:33:10,2522.45
"1992",2010-01-12 21:33:11,2733.05
"1993",2010-01-12 21:33:12,2918.75
"1994",2010-01-12 21:33:13,2542.5
"1995",2010-01-12 21:33:14,2712.5
"1996",2010-01-12 21:33:15,2721.5
"1997",2010-01-12 21:33:16,2622.95
"1998",2010-01-12 21:33:17,2255.5
"1999",2010-01-12 21:33:18,3025.9
"2000",2010-01-12 21:33:19,3236.5
"2001",2010-01-12 21:33:20,2257.75
"2002",2010-01-12 21:33:21,2356.35
"2003",2010-01-12 21:33:22,2982.8
"2004",2010-01-12 21:33:23,3062.9
"2005",2010-01-12 21:33:24,2454.9
"2006",2010-01-12 21:33:25,2416.35
"2007",2010-01-12 21:33:26,2515.55
"2008",2010-01-12 21:33:27,3291.25
"2009",2010-01-12 21:33:28,2619.45
"2010",2010-01-12 21:33:29,1979.5
"2011",2010-01-12 21:33:30,2998.75
"2012",2010-01-12 21:33:31,3166.2
"2013",2010-01-12 21:33:32,2635.45
"2014",2010-01-12 21:33:33,2370.4
"2015",2010-01-12 21:33:34,2405.8
"2016",2010-01-12 21:33:35,2912
"2017",2010-01-12 21:33:36,3327.75
"2018",2010-01-12 21:33:37,2241.45
"2019",2010-01-12 21:33:38,2166.4
"2020",2010-01-12 21:33:39,3092.6
"2021",2010-01-12 21:33:40,3323.15
"2022",2010-01-12 21:33:41,2425.7
"2023",2010-01-12 21:33:42,1962.1
"2024",2010-01-12 21:33:43,2881.95
"2025",2010-01-12 21:33:44,3344.75
"2026",2010-01-12 21:33:45,2816.65
"2027",2010-01-12 21:33:46,1763.85
"2028",2010-01-12 21:33:47,2751.75
"2029",2010-01-12 21:33:48,3389
"2030",2010-01-12 21:33:49,2791.4
"2031",2010-01-12 21:33:50,2068.25
"2032",2010-01-12 21:33:51,2610.35
"2033",2010-01-12 21:33:52,3152.65
"2034",2010-01-12 21:33:53,3130.35
"2035",2010-01-12 21:33:54,2443.6
"2036",2010-01-12 21:33:55,1907.55
"2037",2010-01-12 21:33:56,3109.4
"2038",2010-01-12 21:33:57,3358.25
"2039",2010-01-12 21:33:58,2390.4
"2040",2010-01-12 21:33:59,1989.05
"2041",2010-01-12 21:34:00,2895.05
"2042",2010-01-12 21:34:01,3278
"2043",2010-01-12 21:34:02,2728.05
"2044",2010-01-12 21:34:03,2470.8
"2045",2010-01-12 21:34:04,2453.45
"2046",2010-01-12 21:34:05,2709
"2047",2010-01-12 21:34:06,3213.4
"2048",2010-01-12 21:34:07,2607.15
"2049",2010-01-12 21:34:08,2707.85
"2050",2010-01-12 21:34:09,2705.35
"2051",2010-01-12 21:34:10,2235.15
"2052",2010-01-12 21:34:11,2631.4
"2053",2010-01-12 21:34:12,3207.5
"2054",2010-01-12 21:34:13,3063.05
"2055",2010-01-12 21:34:14,1915.05
"2056",2010-01-12 21:34:15,2286.3
"2057",2010-01-12 21:34:16,3493.3
"2058",2010-01-12 21:34:17,2918.25
"2059",2010-01-12 21:34:18,2361.9
"2060",2010-01-12 21:34:19,2516.65
"2061",2010-01-12 21:34:20,2698.25
"2062",2010-01-12 21:34:21,2783.6
"2063",2010-01-12 21:34:22,3006.95
"2064",2010-01-12 21:34:23,2551.55
"2065",2010-01-12 21:34:24,2646.85
"2066",2010-01-12 21:34:25,2830.2
"2067",2010-01-12 21:34:26,2379.05
"2068",2010-01-12 21:34:27,2819.5
"2069",2010-01-12 21:34:28,2979.3
"2070",2010-01-12 21:34:29,2373.15
"2071",2010-01-12 21:34:30,2472.95
"2072",2010-01-12 21:34:31,2972.7
"2073",2010-01-12 21:34:32,2722.25
"2074",2010-01-12 21:34:33,2879.9
"2075",2010-01-12 21:34:34,2619.1
"2076",2010-01-12 21:34:35,2525.6
"2077",2010-01-12 21:34:36,2759.3
"2078",2010-01-12 21:34:37,2844.9
"2079",2010-01-12 21:34:38,2654.7
"2080",2010-01-12 21:34:39,2526.4
"2081",2010-01-12 21:34:40,2547.9
"2082",2010-01-12 21:34:41,2875.6
"2083",2010-01-12 21:34:42,2932.05
"2084",2010-01-12 21:34:43,2500.2
"2085",2010-01-12 21:34:44,2597.3
"2086",2010-01-12 21:34:45,2484.65
"2087",2010-01-12 21:34:46,2912.2
"2088",2010-01-12 21:34:47,3109.4
"2089",2010-01-12 21:34:48,2341.75
"2090",2010-01-12 21:34:49,2069.95
"2091",2010-01-12 21:34:50,3104.05
"2092",2010-01-12 21:34:51,3443
"2093",2010-01-12 21:34:52,2635
"2094",2010-01-12 21:34:53,1965.35
"2095",2010-01-12 21:34:54,2399.15
"2096",2010-01-12 21:34:55,3292.35
"2097",2010-01-12 21:34:56,3063.35
"2098",2010-01-12 21:34:57,2318.05
"2099",2010-01-12 21:34:58,2395.1
"2100",2010-01-12 21:34:59,2681.15
"2101",2010-01-12 21:35:00,3237.1
"2102",2010-01-12 21:35:01,2542.8
"2103",2010-01-12 21:35:02,2221.65
"2104",2010-01-12 21:35:03,2734.5
"2105",2010-01-12 21:35:04,3150.7
"2106",2010-01-12 21:35:05,2586.35
"2107",2010-01-12 21:35:06,2467.3
"2108",2010-01-12 21:35:07,2864.75
"2109",2010-01-12 21:35:08,2718.2
"2110",2010-01-12 21:35:09,2484.25
"2111",2010-01-12 21:35:10,3101.25
"2112",2010-01-12 21:35:11,2948
"2113",2010-01-12 21:35:12,2292.35
"2114",2010-01-12 21:35:13,2381.9
"2115",2010-01-12 21:35:14,2762.35
"2116",2010-01-12 21:35:15,3135.9
"2117",2010-01-12 21:35:16,2721.1
"2118",2010-01-12 21:35:17,2057.55
"2119",2010-01-12 21:35:18,2675.7
"2120",2010-01-12 21:35:19,3374.15
"2121",2010-01-12 21:35:20,2594.1
"2122",2010-01-12 21:35:21,2522.1
"2123",2010-01-12 21:35:22,2552.95
"2124",2010-01-12 21:35:23,2771.35
"2125",2010-01-12 21:35:24,2997.4
"2126",2010-01-12 21:35:25,2722.4
"2127",2010-01-12 21:35:26,2275.7
"2128",2010-01-12 21:35:27,2588.15
"2129",2010-01-12 21:35:28,3045.95
"2130",2010-01-12 21:35:29,2800.1
"2131",2010-01-12 21:35:30,2659.55
"2132",2010-01-12 21:35:31,2196.7
"2133",2010-01-12 21:35:32,3027
"2134",2010-01-12 21:35:33,2939.2
"2135",2010-01-12 21:35:34,2440.4
"2136",2010-01-12 21:35:35,2720.2
"2137",2010-01-12 21:35:36,2705.55
"2138",2010-01-12 21:35:37,2612.15
"2139",2010-01-12 21:35:38,2784.05
"2140",2010-01-12 21:35:39,3035.45
"2141",2010-01-12 21:35:40,2555.65
"2142",2010-01-12 21:35:41,2228.15
"2143",2010-01-12 21:35:42,2854.5
"2144",2010-01-12 21:35:43,3055.8
"2145",2010-01-12 21:35:44,2730.6
"2146",2010-01-12 21:35:45,2530.5
"2147",2010-01-12 21:35:46,2384.95
"2148",2010-01-12 21:35:47,2682.3
"2149",2010-01-12 21:35:48,3153
"2150",2010-01-12 21:35:49,2575.55
"2151",2010-01-12 21:35:50,2546.4
"2152",2010-01-12 21:35:51,2873.45
"2153",2010-01-12 21:35:52,2618.95
"2154",2010-01-12 21:35:53,2406.9
"2155",2010-01-12 21:35:54,3143.05
"2156",2010-01-12 21:35:55,2822.85
"2157",2010-01-12 21:35:56,2358.8
"2158",2010-01-12 21:35:57,2470.1
"2159",2010-01-12 21:35:58,3208.9
"2160",2010-01-12 21:35:59,2805.45
"2161",2010-01-12 21:36:00,2237.65
"2162",2010-01-12 21:36:01,2454.9
"2163",2010-01-12 21:36:02,2658.35
"2164",2010-01-12 21:36:03,3028.2
"2165",2010-01-12 21:36:04,3180.95
"2166",2010-01-12 21:36:05,2351
"2167",2010-01-12 21:36:06,2052.7
"2168",2010-01-12 21:36:07,3104.4
"2169",2010-01-12 21:36:08,3186.2
"2170",2010-01-12 21:36:09,2418.05
"2171",2010-01-12 21:36:10,2240.55
"2172",2010-01-12 21:36:11,3104.8
"2173",2010-01-12 21:36:12,3197.6
"2174",2010-01-12 21:36:13,2498.75
"2175",2010-01-12 21:36:14,1851.65
"2176",2010-01-12 21:36:15,2838.7
"2177",2010-01-12 21:36:16,3620.25
"2178",2010-01-12 21:36:17,2284
"2179",2010-01-12 21:36:18,2169
"2180",2010-01-12 21:36:19,3050.1
"2181",2010-01-12 21:36:20,3188.2
"2182",2010-01-12 21:36:21,2347.8
"2183",2010-01-12 21:36:22,2239.1
"2184",2010-01-12 21:36:23,2873.2
"2185",2010-01-12 21:36:24,3202.55
"2186",2010-01-12 21:36:25,2694.35
"2187",2010-01-12 21:36:26,2207.05
"2188",2010-01-12 21:36:27,2686.85
"2189",2010-01-12 21:36:28,2995.35
"2190",2010-01-12 21:36:29,2852.5
"2191",2010-01-12 21:36:30,2705.25
"2192",2010-01-12 21:36:31,2064.3
"2193",2010-01-12 21:36:32,2941.2
"2194",2010-01-12 21:36:33,3153.85
"2195",2010-01-12 21:36:34,2478.3
"2196",2010-01-12 21:36:35,2272
"2197",2010-01-12 21:36:36,3099.3
"2198",2010-01-12 21:36:37,2872.05
"2199",2010-01-12 21:36:38,2576.6
"2200",2010-01-12 21:36:39,2276.4
"2201",2010-01-12 21:36:40,3022.9
"2202",2010-01-12 21:36:41,2999.05
"2203",2010-01-12 21:36:42,2630.55
"2204",2010-01-12 21:36:43,2394.65
"2205",2010-01-12 21:36:44,2788.75
"2206",2010-01-12 21:36:45,2661.2
"2207",2010-01-12 21:36:46,3028.95
"2208",2010-01-12 21:36:47,2444.9
"2209",2010-01-12 21:36:48,2351.4
"2210",2010-01-12 21:36:49,3026.8
"2211",2010-01-12 21:36:50,2741.05
"2212",2010-01-12 21:36:51,2792.1
"2213",2010-01-12 21:36:52,2787.95
"2214",2010-01-12 21:36:53,2411.45
"2215",2010-01-12 21:36:54,2586.35
"2216",2010-01-12 21:36:55,2909.1
"2217",2010-01-12 21:36:56,2853.7
"2218",2010-01-12 21:36:57,2441.2
"2219",2010-01-12 21:36:58,2941.6
"2220",2010-01-12 21:36:59,2797.2
"2221",2010-01-12 21:37:00,2128.95
"2222",2010-01-12 21:37:01,3076.15
"2223",2010-01-12 21:37:02,2964.65
"2224",2010-01-12 21:37:03,2342.6
"2225",2010-01-12 21:37:04,2569.8
"2226",2010-01-12 21:37:05,3119.3
"2227",2010-01-12 21:37:06,2671.05
"2228",2010-01-12 21:37:07,2215.55
"2229",2010-01-12 21:37:08,2813.25
"2230",2010-01-12 21:37:09,3271.75
"2231",2010-01-12 21:37:10,2279.75
"2232",2010-01-12 21:37:11,2537.6
"2233",2010-01-12 21:37:12,3108.15
"2234",2010-01-12 21:37:13,2516.3
"2235",2010-01-12 21:37:14,2668.6
"2236",2010-01-12 21:37:15,2996.5
"2237",2010-01-12 21:37:16,2711.65
"2238",2010-01-12 21:37:17,2503.55
"2239",2010-01-12 21:37:18,2525.9
"2240",2010-01-12 21:37:19,3097.1
"2241",2010-01-12 21:37:20,2718.7
"2242",2010-01-12 21:37:21,2070.05
"2243",2010-01-12 21:37:22,2789.85
"2244",2010-01-12 21:37:23,3150.5
"2245",2010-01-12 21:37:24,2701.6
"2246",2010-01-12 21:37:25,2567.6
"2247",2010-01-12 21:37:26,2316
"2248",2010-01-12 21:37:27,2715.15
"2249",2010-01-12 21:37:28,3327.45
"2250",2010-01-12 21:37:29,2789.5
"2251",2010-01-12 21:37:30,2092.85
"2252",2010-01-12 21:37:31,2691.3
"2253",2010-01-12 21:37:32,3092.9
"2254",2010-01-12 21:37:33,2648.15
"2255",2010-01-12 21:37:34,2416.85
"2256",2010-01-12 21:37:35,2324.05
"2257",2010-01-12 21:37:36,3318.9
"2258",2010-01-12 21:37:37,3131.6
"2259",2010-01-12 21:37:38,1982.4
"2260",2010-01-12 21:37:39,2340.1
"2261",2010-01-12 21:37:40,2950.55
"2262",2010-01-12 21:37:41,3080.7
"2263",2010-01-12 21:37:42,2675.15
"2264",2010-01-12 21:37:43,2298.05
"2265",2010-01-12 21:37:44,2646.3
"2266",2010-01-12 21:37:45,3272.25
"2267",2010-01-12 21:37:46,2557.5
"2268",2010-01-12 21:37:47,2273.5
"2269",2010-01-12 21:37:48,2671
"2270",2010-01-12 21:37:49,3079.3
"2271",2010-01-12 21:37:50,2740.1
"2272",2010-01-12 21:37:51,2232.3
"2273",2010-01-12 21:37:52,2705.6
"2274",2010-01-12 21:37:53,2897.9
"2275",2010-01-12 21:37:54,2994.7
"2276",2010-01-12 21:37:55,2719.35
"2277",2010-01-12 21:37:56,2613.1
"2278",2010-01-12 21:37:57,2476
"2279",2010-01-12 21:37:58,2530.1
"2280",2010-01-12 21:37:59,2679
"2281",2010-01-12 21:38:00,2787.2
"2282",2010-01-12 21:38:01,3209.5
"2283",2010-01-12 21:38:02,2674.7
"2284",2010-01-12 21:38:03,2495
"2285",2010-01-12 21:38:04,2651.1
"2286",2010-01-12 21:38:05,2561.75
"2287",2010-01-12 21:38:06,2871.55
"2288",2010-01-12 21:38:07,2586.55
"2289",2010-01-12 21:38:08,2757.15
"2290",2010-01-12 21:38:09,2573.65
"2291",2010-01-12 21:38:10,2812.65
"2292",2010-01-12 21:38:11,2943.5
"2293",2010-01-12 21:38:12,2337.95
"2294",2010-01-12 21:38:13,2531.3
"2295",2010-01-12 21:38:14,2690.95
"2296",2010-01-12 21:38:15,2878.45
"2297",2010-01-12 21:38:16,2906.8
"2298",2010-01-12 21:38:17,2538.95
"2299",2010-01-12 21:38:18,2529.8
"2300",2010-01-12 21:38:19,2586.85
"2301",2010-01-12 21:38:20,3122.95
"2302",2010-01-12 21:38:21,2610.15
"2303",2010-01-12 21:38:22,2416.65
"2304",2010-01-12 21:38:23,2917.4
"2305",2010-01-12 21:38:24,2655.3
"2306",2010-01-12 21:38:25,2520.65
"2307",2010-01-12 21:38:26,2816.85
"2308",2010-01-12 21:38:27,2727.05
"2309",2010-01-12 21:38:28,2695.6
"2310",2010-01-12 21:38:29,2759.35
"2311",2010-01-12 21:38:30,2501.2
"2312",2010-01-12 21:38:31,2678.95
"2313",2010-01-12 21:38:32,2970.85
"2314",2010-01-12 21:38:33,2573.8
"2315",2010-01-12 21:38:34,2303.05
"2316",2010-01-12 21:38:35,3065.55
"2317",2010-01-12 21:38:36,3151.5
"2318",2010-01-12 21:38:37,2314.1
"2319",2010-01-12 21:38:38,2318.65
"2320",2010-01-12 21:38:39,2755.7
"2321",2010-01-12 21:38:40,3009.65
"2322",2010-01-12 21:38:41,2908.65
"2323",2010-01-12 21:38:42,2207
"2324",2010-01-12 21:38:43,2873.15
"2325",2010-01-12 21:38:44,2960.35
"2326",2010-01-12 21:38:45,2324.1
"2327",2010-01-12 21:38:46,2536.6
"2328",2010-01-12 21:38:47,3213.1
"2329",2010-01-12 21:38:48,2956.15
"2330",2010-01-12 21:38:49,2162.5
"2331",2010-01-12 21:38:50,2524.3
"2332",2010-01-12 21:38:51,2943.85
"2333",2010-01-12 21:38:52,3049.5
"2334",2010-01-12 21:38:53,2405.95
"2335",2010-01-12 21:38:54,2212
"2336",2010-01-12 21:38:55,3160.35
"2337",2010-01-12 21:38:56,2995.9
"2338",2010-01-12 21:38:57,2222.15
"2339",2010-01-12 21:38:58,2436.7
"2340",2010-01-12 21:38:59,3191.9
"2341",2010-01-12 21:39:00,3033.45
"2342",2010-01-12 21:39:01,2099.25
"2343",2010-01-12 21:39:02,2453.25
"2344",2010-01-12 21:39:03,3290.6
"2345",2010-01-12 21:39:04,3035.95
"2346",2010-01-12 21:39:05,2113.75
"2347",2010-01-12 21:39:06,2419.65
"2348",2010-01-12 21:39:07,2998
"2349",2010-01-12 21:39:08,2864
"2350",2010-01-12 21:39:09,2555.9
"2351",2010-01-12 21:39:10,2736.7
"2352",2010-01-12 21:39:11,2844.9
"2353",2010-01-12 21:39:12,2730.2
"2354",2010-01-12 21:39:13,2576.75
"2355",2010-01-12 21:39:14,2590.55
"2356",2010-01-12 21:39:15,2652.95
"2357",2010-01-12 21:39:16,2749.15
"2358",2010-01-12 21:39:17,2681.25
"2359",2010-01-12 21:39:18,3005.4
"2360",2010-01-12 21:39:19,2880.75
"2361",2010-01-12 21:39:20,2071
"2362",2010-01-12 21:39:21,2491.4
"2363",2010-01-12 21:39:22,3226.75
"2364",2010-01-12 21:39:23,3165.95
"2365",2010-01-12 21:39:24,2098.45
"2366",2010-01-12 21:39:25,2573.15
"2367",2010-01-12 21:39:26,2483.6
"2368",2010-01-12 21:39:27,3104.95
"2369",2010-01-12 21:39:28,3021
"2370",2010-01-12 21:39:29,2482.8
"2371",2010-01-12 21:39:30,2378.3
"2372",2010-01-12 21:39:31,2787.75
"2373",2010-01-12 21:39:32,2732.25
"2374",2010-01-12 21:39:33,2492.95
"2375",2010-01-12 21:39:34,2973.45
"2376",2010-01-12 21:39:35,2764.9
"2377",2010-01-12 21:39:36,2752.7
"2378",2010-01-12 21:39:37,2479.8
"2379",2010-01-12 21:39:38,2731
"2380",2010-01-12 21:39:39,2815.9
"2381",2010-01-12 21:39:40,2545.6
"2382",2010-01-12 21:39:41,2449.85
"2383",2010-01-12 21:39:42,3056
"2384",2010-01-12 21:39:43,3084.25
"2385",2010-01-12 21:39:44,2566.1
"2386",2010-01-12 21:39:45,2292.95
"2387",2010-01-12 21:39:46,2489.55
"2388",2010-01-12 21:39:47,3122.75
"2389",2010-01-12 21:39:48,3229.45
"2390",2010-01-12 21:39:49,2305
"2391",2010-01-12 21:39:50,2293.3
"2392",2010-01-12 21:39:51,2934.25
"2393",2010-01-12 21:39:52,3081.2
"2394",2010-01-12 21:39:53,2377.3
"2395",2010-01-12 21:39:54,2338.15
"2396",2010-01-12 21:39:55,3182.7
"2397",2010-01-12 21:39:56,2753.25
"2398",2010-01-12 21:39:57,2533.5
"2399",2010-01-12 21:39:58,2954.25
"2400",2010-01-12 21:39:59,2552.45
"2401",2010-01-12 21:40:00,2599.7
"2402",2010-01-12 21:40:01,2512.05
"2403",2010-01-12 21:40:02,3008.25
"2404",2010-01-12 21:40:03,2848.4
"2405",2010-01-12 21:40:04,2641.3
"2406",2010-01-12 21:40:05,2654.1
"2407",2010-01-12 21:40:06,2388.2
"2408",2010-01-12 21:40:07,2697.9
"2409",2010-01-12 21:40:08,2742.4
"2410",2010-01-12 21:40:09,2914.25
"2411",2010-01-12 21:40:10,2966.85
"2412",2010-01-12 21:40:11,2394.3
"2413",2010-01-12 21:40:12,2311.8
"2414",2010-01-12 21:40:13,3045.6
"2415",2010-01-12 21:40:14,2976.05
"2416",2010-01-12 21:40:15,2692.2
"2417",2010-01-12 21:40:16,2307.8
"2418",2010-01-12 21:40:17,2528.95
"2419",2010-01-12 21:40:18,3126.05
"2420",2010-01-12 21:40:19,2955.45
"2421",2010-01-12 21:40:20,2261.3
"2422",2010-01-12 21:40:21,2385.4
"2423",2010-01-12 21:40:22,3325.65
"2424",2010-01-12 21:40:23,2717.95
"2425",2010-01-12 21:40:24,2258.8
"2426",2010-01-12 21:40:25,2539.4
"2427",2010-01-12 21:40:26,2919.3
"2428",2010-01-12 21:40:27,2887.2
"2429",2010-01-12 21:40:28,2957.2
"2430",2010-01-12 21:40:29,2485.15
"2431",2010-01-12 21:40:30,2436.95
"2432",2010-01-12 21:40:31,2715.1
"2433",2010-01-12 21:40:32,3108.15
"2434",2010-01-12 21:40:33,2575.4
"2435",2010-01-12 21:40:34,2654.65
"2436",2010-01-12 21:40:35,2645
"2437",2010-01-12 21:40:36,2573.6
"2438",2010-01-12 21:40:37,3143.9
"2439",2010-01-12 21:40:38,2418
"2440",2010-01-12 21:40:39,2402.05
"2441",2010-01-12 21:40:40,2946.5
"2442",2010-01-12 21:40:41,2874.95
"2443",2010-01-12 21:40:42,2731.95
"2444",2010-01-12 21:40:43,2299.3
"2445",2010-01-12 21:40:44,2655.05
"2446",2010-01-12 21:40:45,3032.45
"2447",2010-01-12 21:40:46,2853.5
"2448",2010-01-12 21:40:47,2565.35
"2449",2010-01-12 21:40:48,2427.7
"2450",2010-01-12 21:40:49,2626.8
"2451",2010-01-12 21:40:50,2900.6
"2452",2010-01-12 21:40:51,3205.3
"2453",2010-01-12 21:40:52,2556.25
"2454",2010-01-12 21:40:53,2185.75
"2455",2010-01-12 21:40:54,2648.3
"2456",2010-01-12 21:40:55,3003.75
"2457",2010-01-12 21:40:56,2737.75
"2458",2010-01-12 21:40:57,2631.05
"2459",2010-01-12 21:40:58,2927.3
"2460",2010-01-12 21:40:59,2417.75
"2461",2010-01-12 21:41:00,2561.6
"2462",2010-01-12 21:41:01,3040.25
"2463",2010-01-12 21:41:02,2891.15
"2464",2010-01-12 21:41:03,2087.05
"2465",2010-01-12 21:41:04,2765.45
"2466",2010-01-12 21:41:05,3061.2
"2467",2010-01-12 21:41:06,3002.9
"2468",2010-01-12 21:41:07,2204.7
"2469",2010-01-12 21:41:08,2260.05
"2470",2010-01-12 21:41:09,3015.3
"2471",2010-01-12 21:41:10,3115.35
"2472",2010-01-12 21:41:11,2724.6
"2473",2010-01-12 21:41:12,2249.35
"2474",2010-01-12 21:41:13,2728.9
"2475",2010-01-12 21:41:14,3042.05
"2476",2010-01-12 21:41:15,2828
"2477",2010-01-12 21:41:16,2262.1
"2478",2010-01-12 21:41:17,2773.75
"2479",2010-01-12 21:41:18,2972.1
"2480",2010-01-12 21:41:19,2618.85
"2481",2010-01-12 21:41:20,2647.2
"2482",2010-01-12 21:41:21,2363.95
"2483",2010-01-12 21:41:22,3086.05
"2484",2010-01-12 21:41:23,3078.1
"2485",2010-01-12 21:41:24,2325
"2486",2010-01-12 21:41:25,2175.15
"2487",2010-01-12 21:41:26,2864.2
"2488",2010-01-12 21:41:27,3228.7
"2489",2010-01-12 21:41:28,2883.95
"2490",2010-01-12 21:41:29,2399.55
"2491",2010-01-12 21:41:30,2526.65
"2492",2010-01-12 21:41:31,3003.9
"2493",2010-01-12 21:41:32,2642.95
"2494",2010-01-12 21:41:33,2501.5
"2495",2010-01-12 21:41:34,2610.09090909091
